,cash,notionals,fee_incurred,hedge_notional,hedge_position,long_notionals,short_notionals,NAV
2018-05-28,10000637.005470604,0,0.0,0,0,0,0,10000637.005470604
2018-05-29,9995537.005470604,0.0,5100.000000000001,-0.0,-0.0,5000000.0,-5000000.0,9995537.005470604
2018-05-30,9994079.259700006,-240530.37106953072,1457.745770597104,-0.0,-0.0,4618622.197587483,-4859152.568657014,9753548.888630476
2018-05-31,9992637.990820982,-98335.28242262511,1441.2688790239893,-0.0,-0.0,4705894.3143240055,-4804229.596746631,9894302.708398357
2018-06-01,9991195.541639414,-15277.231679921853,1442.4491815682234,-0.0,-0.0,4792886.706880823,-4808163.938560745,9975918.309959492
2018-06-02,9989753.092457846,-15277.231679921853,1442.4491815682234,-0.0,-0.0,4792886.706880823,-4808163.938560745,9974475.860777924
2018-06-03,9988310.643276278,-15277.231679921853,1442.4491815682234,-0.0,-0.0,4792886.706880823,-4808163.938560745,9973033.411596356
2018-06-04,9986872.374590287,-1299.5695520642912,1438.2686859903774,-0.0,-0.0,4792929.3837491935,-4794228.953301258,9985572.805038223
2018-06-05,9985449.030890098,107861.20557222655,1423.343700188535,-0.0,-0.0,4852340.206200677,-4744479.00062845,10093310.236462325
2018-06-06,9984026.821383055,235059.22069270408,1422.2095070428854,-0.0,-0.0,4975757.577502323,-4740698.356809619,10219086.042075759
2018-06-07,9982611.54725496,314155.4185076589,1415.2741280952541,-0.0,-0.0,5031735.84549184,-4717580.426984181,10296766.965762619
2018-06-08,9981211.128187938,352201.3039614997,1400.4190670221078,-0.0,-0.0,5020264.860701859,-4668063.556740359,10333412.432149438
2018-06-09,9979810.709120916,352201.3039614997,1400.4190670221078,-0.0,-0.0,5020264.860701859,-4668063.556740359,10332012.013082417
2018-06-10,9978410.290053895,352201.3039614997,1400.4190670221078,-0.0,-0.0,5020264.860701859,-4668063.556740359,10330611.594015395
2018-06-11,10409833.267360762,-1.1641532182693481e-09,6283.790818657647,0,0,-8.149072527885437e-10,-2.3283064365386963e-10,10409833.26736076
2018-06-12,10410496.3794347,0,0.0,0,0,0,0,10410496.3794347
2018-06-13,10411159.533749238,0,0.0,0,0,0,0,10411159.533749238
2018-06-14,10411822.730307069,0,0.0,0,0,0,0,10411822.730307069
2018-06-15,10412485.969110884,0,0.0,0,0,0,0,10412485.969110884
2018-06-16,10413149.250163374,0,0.0,0,0,0,0,10413149.250163374
2018-06-17,10413812.57346723,0,0.0,0,0,0,0,10413812.57346723
2018-06-18,10414475.939025143,0,0.0,0,0,0,0,10414475.939025143
2018-06-19,10415139.346839806,0,0.0,0,0,0,0,10415139.346839806
2018-06-20,10415802.796913909,0,0.0,0,0,0,0,10415802.796913909
2018-06-21,10416466.289250145,0,0.0,0,0,0,0,10416466.289250145
2018-06-22,10417129.823851205,0,0.0,0,0,0,0,10417129.823851205
2018-06-23,10417793.400719782,0,0.0,0,0,0,0,10417793.400719782
2018-06-24,10418457.019858569,0,0.0,0,0,0,0,10418457.019858569
2018-06-25,10419120.681270259,0,0.0,0,0,0,0,10419120.681270259
2018-06-26,10419784.384957543,0,0.0,0,0,0,0,10419784.384957543
2018-06-27,10420448.130923115,0,0.0,0,0,0,0,10420448.130923115
2018-06-28,10421111.919169668,0,0.0,0,0,0,0,10421111.919169668
2018-06-29,10421775.749699896,0,0.0,0,0,0,0,10421775.749699896
2018-06-30,10422439.622516492,0,0.0,0,0,0,0,10422439.622516492
2018-07-01,10423103.53762215,0,0.0,0,0,0,0,10423103.53762215
2018-07-02,10423767.495019563,0,0.0,0,0,0,0,10423767.495019563
2018-07-03,10424431.494711425,0,0.0,0,0,0,0,10424431.494711425
2018-07-04,10425095.536700431,0,0.0,0,0,0,0,10425095.536700431
2018-07-05,10425759.620989274,0,0.0,0,0,0,0,10425759.620989274
2018-07-06,10426423.747580651,0,0.0,0,0,0,0,10426423.747580651
2018-07-07,10427087.916477254,0,0.0,0,0,0,0,10427087.916477254
2018-07-08,10427752.127681779,0,0.0,0,0,0,0,10427752.127681779
2018-07-09,10428416.381196922,0,0.0,0,0,0,0,10428416.381196922
2018-07-10,10429080.677025376,0,0.0,0,0,0,0,10429080.677025376
2018-07-11,10429745.015169838,0,0.0,0,0,0,0,10429745.015169838
2018-07-12,10430409.395633005,0,0.0,0,0,0,0,10430409.395633005
2018-07-13,10431073.81841757,0,0.0,0,0,0,0,10431073.81841757
2018-07-14,10431738.283526229,0,0.0,0,0,0,0,10431738.283526229
2018-07-15,10432402.79096168,0,0.0,0,0,0,0,10432402.79096168
2018-07-16,10433067.340726616,0,0.0,0,0,0,0,10433067.340726616
2018-07-17,10433731.932823736,0,0.0,0,0,0,0,10433731.932823736
2018-07-18,10434396.567255737,0,0.0,0,0,0,0,10434396.567255737
2018-07-19,10435061.244025316,0,0.0,0,0,0,0,10435061.244025316
2018-07-20,10435725.963135168,0,0.0,0,0,0,0,10435725.963135168
2018-07-21,10436390.72458799,0,0.0,0,0,0,0,10436390.72458799
2018-07-22,10437055.528386481,0,0.0,0,0,0,0,10437055.528386481
2018-07-23,10437720.374533338,0,0.0,0,0,0,0,10437720.374533338
2018-07-24,10438385.26303126,0,0.0,0,0,0,0,10438385.26303126
2018-07-25,10439050.19388294,0,0.0,0,0,0,0,10439050.19388294
2018-07-26,10439715.16709108,0,0.0,0,0,0,0,10439715.16709108
2018-07-27,10440380.182658378,0,0.0,0,0,0,0,10440380.182658378
2018-07-28,10441045.24058753,0,0.0,0,0,0,0,10441045.24058753
2018-07-29,10441710.340881238,0,0.0,0,0,0,0,10441710.340881238
2018-07-30,10442375.483542196,0,0.0,0,0,0,0,10442375.483542196
2018-07-31,10443040.668573108,0,0.0,0,0,0,0,10443040.668573108
2018-08-01,10443705.895976668,0,0.0,0,0,0,0,10443705.895976668
2018-08-02,10444371.16575558,0,0.0,0,0,0,0,10444371.16575558
2018-08-03,10445036.477912538,0,0.0,0,0,0,0,10445036.477912538
2018-08-04,10445701.832450245,0,0.0,0,0,0,0,10445701.832450245
2018-08-05,10446367.2293714,0,0.0,0,0,0,0,10446367.2293714
2018-08-06,10447032.668678705,0,0.0,0,0,0,0,10447032.668678705
2018-08-07,10447698.150374856,0,0.0,0,0,0,0,10447698.150374856
2018-08-08,10448363.674462555,0,0.0,0,0,0,0,10448363.674462555
2018-08-09,10449029.240944503,0,0.0,0,0,0,0,10449029.240944503
2018-08-10,10449694.8498234,0,0.0,0,0,0,0,10449694.8498234
2018-08-11,10450360.501101946,0,0.0,0,0,0,0,10450360.501101946
2018-08-12,10451026.194782844,0,0.0,0,0,0,0,10451026.194782844
2018-08-13,10451691.930868793,0,0.0,0,0,0,0,10451691.930868793
2018-08-14,10452357.709362496,0,0.0,0,0,0,0,10452357.709362496
2018-08-15,10453023.530266652,0,0.0,0,0,0,0,10453023.530266652
2018-08-16,10453689.393583965,0,0.0,0,0,0,0,10453689.393583965
2018-08-17,10454355.299317135,0,0.0,0,0,0,0,10454355.299317135
2018-08-18,10455021.247468865,0,0.0,0,0,0,0,10455021.247468865
2018-08-19,10455687.238041855,0,0.0,0,0,0,0,10455687.238041855
2018-08-20,10456353.27103881,0,0.0,0,0,0,0,10456353.27103881
2018-08-21,10457019.34646243,0,0.0,0,0,0,0,10457019.34646243
2018-08-22,10457685.46431542,0,0.0,0,0,0,0,10457685.46431542
2018-08-23,10458351.624600481,0,0.0,0,0,0,0,10458351.624600481
2018-08-24,10459017.827320317,0,0.0,0,0,0,0,10459017.827320317
2018-08-25,10459684.072477631,0,0.0,0,0,0,0,10459684.072477631
2018-08-26,10460350.360075125,0,0.0,0,0,0,0,10460350.360075125
2018-08-27,10461016.690115504,0,0.0,0,0,0,0,10461016.690115504
2018-08-28,10461683.062601471,0,0.0,0,0,0,0,10461683.062601471
2018-08-29,10462349.47753573,0,0.0,0,0,0,0,10462349.47753573
2018-08-30,10463015.934920985,0,0.0,0,0,0,0,10463015.934920985
2018-08-31,10463682.434759941,0,0.0,0,0,0,0,10463682.434759941
2018-09-01,10464348.9770553,0,0.0,0,0,0,0,10464348.9770553
2018-09-02,10465015.561809769,0,0.0,0,0,0,0,10465015.561809769
2018-09-03,10465682.18902605,0,0.0,0,0,0,0,10465682.18902605
2018-09-04,10466348.85870685,0,0.0,0,0,0,0,10466348.85870685
2018-09-05,10467015.570854874,0,0.0,0,0,0,0,10467015.570854874
2018-09-06,10467682.325472826,0,0.0,0,0,0,0,10467682.325472826
2018-09-07,10468349.122563412,0,0.0,0,0,0,0,10468349.122563412
2018-09-08,10469015.962129338,0,0.0,0,0,0,0,10469015.962129338
2018-09-09,10469682.844173308,0,0.0,0,0,0,0,10469682.844173308
2018-09-10,10470349.76869803,0,0.0,0,0,0,0,10470349.76869803
2018-09-11,10471016.735706208,0,0.0,0,0,0,0,10471016.735706208
2018-09-12,10471683.74520055,0,0.0,0,0,0,0,10471683.74520055
2018-09-13,10472350.797183761,0,0.0,0,0,0,0,10472350.797183761
2018-09-14,10473017.89165855,0,0.0,0,0,0,0,10473017.89165855
2018-09-15,10473685.028627621,0,0.0,0,0,0,0,10473685.028627621
2018-09-16,10474352.208093682,0,0.0,0,0,0,0,10474352.208093682
2018-09-17,10475019.43005944,0,0.0,0,0,0,0,10475019.43005944
2018-09-18,10475686.694527602,0,0.0,0,0,0,0,10475686.694527602
2018-09-19,10476354.001500875,0,0.0,0,0,0,0,10476354.001500875
2018-09-20,10477021.350981968,0,0.0,0,0,0,0,10477021.350981968
2018-09-21,10477688.742973587,0,0.0,0,0,0,0,10477688.742973587
2018-09-22,10478356.177478442,0,0.0,0,0,0,0,10478356.177478442
2018-09-23,10479023.65449924,0,0.0,0,0,0,0,10479023.65449924
2018-09-24,10479691.17403869,0,0.0,0,0,0,0,10479691.17403869
2018-09-25,10480358.736099498,0,0.0,0,0,0,0,10480358.736099498
2018-09-26,10481026.340684377,0,0.0,0,0,0,0,10481026.340684377
2018-09-27,10481693.987796031,0,0.0,0,0,0,0,10481693.987796031
2018-09-28,10482361.677437171,0,0.0,0,0,0,0,10482361.677437171
2018-09-29,10483029.409610508,0,0.0,0,0,0,0,10483029.409610508
2018-09-30,10483697.18431875,0,0.0,0,0,0,0,10483697.18431875
2018-10-01,10484365.001564605,0,0.0,0,0,0,0,10484365.001564605
2018-10-02,10485032.861350784,0,0.0,0,0,0,0,10485032.861350784
2018-10-03,10485700.763679998,0,0.0,0,0,0,0,10485700.763679998
2018-10-04,10486368.708554955,0,0.0,0,0,0,0,10486368.708554955
2018-10-05,10487036.695978366,0,0.0,0,0,0,0,10487036.695978366
2018-10-06,10487704.72595294,0,0.0,0,0,0,0,10487704.72595294
2018-10-07,10488372.79848139,0,0.0,0,0,0,0,10488372.79848139
2018-10-08,10489040.913566425,0,0.0,0,0,0,0,10489040.913566425
2018-10-09,10489709.071210757,0,0.0,0,0,0,0,10489709.071210757
2018-10-10,10490377.271417096,0,0.0,0,0,0,0,10490377.271417096
2018-10-11,10491045.514188154,0,0.0,0,0,0,0,10491045.514188154
2018-10-12,10491713.799526641,0,0.0,0,0,0,0,10491713.799526641
2018-10-13,10492382.12743527,0,0.0,0,0,0,0,10492382.12743527
2018-10-14,10493050.497916754,0,0.0,0,0,0,0,10493050.497916754
2018-10-15,10493718.910973802,0,0.0,0,0,0,0,10493718.910973802
2018-10-16,10494387.366609128,0,0.0,0,0,0,0,10494387.366609128
2018-10-17,10495055.864825444,0,0.0,0,0,0,0,10495055.864825444
2018-10-18,10495724.405625463,0,0.0,0,0,0,0,10495724.405625463
2018-10-19,10496392.989011895,0,0.0,0,0,0,0,10496392.989011895
2018-10-20,10497061.614987455,0,0.0,0,0,0,0,10497061.614987455
2018-10-21,10497730.283554856,0,0.0,0,0,0,0,10497730.283554856
2018-10-22,10498398.99471681,0,0.0,0,0,0,0,10498398.99471681
2018-10-23,10499067.74847603,0,0.0,0,0,0,0,10499067.74847603
2018-10-24,10499736.54483523,0,0.0,0,0,0,0,10499736.54483523
2018-10-25,10500405.383797126,0,0.0,0,0,0,0,10500405.383797126
2018-10-26,10501074.265364429,0,0.0,0,0,0,0,10501074.265364429
2018-10-27,10501743.189539853,0,0.0,0,0,0,0,10501743.189539853
2018-10-28,10502412.156326113,0,0.0,0,0,0,0,10502412.156326113
2018-10-29,10503081.165725924,0,0.0,0,0,0,0,10503081.165725924
2018-10-30,10503750.217742,0,0.0,0,0,0,0,10503750.217742
2018-10-31,10504419.312377054,0,0.0,0,0,0,0,10504419.312377054
2018-11-01,10505088.449633803,0,0.0,0,0,0,0,10505088.449633803
2018-11-02,10505757.629514962,0,0.0,0,0,0,0,10505757.629514962
2018-11-03,10506426.852023246,0,0.0,0,0,0,0,10506426.852023246
2018-11-04,10507096.117161369,0,0.0,0,0,0,0,10507096.117161369
2018-11-05,10507765.424932048,0,0.0,0,0,0,0,10507765.424932048
2018-11-06,10508434.775337998,0,0.0,0,0,0,0,10508434.775337998
2018-11-07,10509104.168381935,0,0.0,0,0,0,0,10509104.168381935
2018-11-08,10509773.604066575,0,0.0,0,0,0,0,10509773.604066575
2018-11-09,10510443.082394633,0,0.0,0,0,0,0,10510443.082394633
2018-11-10,10511112.603368828,0,0.0,0,0,0,0,10511112.603368828
2018-11-11,10511782.166991875,0,0.0,0,0,0,0,10511782.166991875
2018-11-12,10512451.77326649,0,0.0,0,0,0,0,10512451.77326649
2018-11-13,10513121.422195392,0,0.0,0,0,0,0,10513121.422195392
2018-11-14,10513791.113781298,0,0.0,0,0,0,0,10513791.113781298
2018-11-15,10514460.848026924,0,0.0,0,0,0,0,10514460.848026924
2018-11-16,10515130.624934986,0,0.0,0,0,0,0,10515130.624934986
2018-11-17,10515800.444508204,0,0.0,0,0,0,0,10515800.444508204
2018-11-18,10516470.306749295,0,0.0,0,0,0,0,10516470.306749295
2018-11-19,10517140.21166098,0,0.0,0,0,0,0,10517140.21166098
2018-11-20,10517810.159245972,0,0.0,0,0,0,0,10517810.159245972
2018-11-21,10518480.149506992,0,0.0,0,0,0,0,10518480.149506992
2018-11-22,10519150.182446757,0,0.0,0,0,0,0,10519150.182446757
2018-11-23,10519820.258067988,0,0.0,0,0,0,0,10519820.258067988
2018-11-24,10520490.376373403,0,0.0,0,0,0,0,10520490.376373403
2018-11-25,10521160.53736572,0,0.0,0,0,0,0,10521160.53736572
2018-11-26,10521830.74104766,0,0.0,0,0,0,0,10521830.74104766
2018-11-27,10522500.987421941,0,0.0,0,0,0,0,10522500.987421941
2018-11-28,10523171.276491283,0,0.0,0,0,0,0,10523171.276491283
2018-11-29,10523841.608258404,0,0.0,0,0,0,0,10523841.608258404
2018-11-30,10524511.982726026,0,0.0,0,0,0,0,10524511.982726026
2018-12-01,10525182.39989687,0,0.0,0,0,0,0,10525182.39989687
2018-12-02,10525852.859773653,0,0.0,0,0,0,0,10525852.859773653
2018-12-03,10526523.362359095,0,0.0,0,0,0,0,10526523.362359095
2018-12-04,10521155.177400611,-4.656612873077393e-10,5368.184958484563,-1.2301673210274628e-10,-4.956355040400736e-11,5262926.429886826,-5262926.429886826,10521155.177400611
2018-12-05,10519590.815042585,60945.42316720262,1564.3623580253663,-1.2222371529628216e-10,-4.956355040400736e-11,5275486.61658509,-5214541.193417888,10580536.238209788
2018-12-06,10518033.66969533,135768.0763632832,1557.1453472548162,-1.2167851624183807e-10,-4.956355040400736e-11,5326252.567212671,-5190484.490849388,10653801.746058613
2018-12-07,10516491.054507377,21294.088758556987,1542.6151879535958,-1.2093506298577797e-10,-4.956355040400736e-11,5163344.7152705435,-5142050.626511986,10537785.143265933
2018-12-08,10514948.439319422,21294.088758556987,1542.6151879535958,-1.2093506298577797e-10,-4.956355040400736e-11,5163344.7152705435,-5142050.626511986,10536242.528077979
2018-12-09,10513405.824131468,21294.088758556987,1542.6151879535958,-1.2093506298577797e-10,-4.956355040400736e-11,5163344.7152705435,-5142050.626511986,10534699.912890024
2018-12-10,10511878.821780825,-46156.22957667289,1527.002350642904,-1.1954728357446575e-10,-4.956355040400736e-11,5043851.605899675,-5090007.835476347,10465722.592204152
2018-12-11,10510357.58762112,9233.217266761698,1521.2341597037794,-1.1934902937284973e-10,-4.956355040400736e-11,5080013.749612694,-5070780.532345932,10519590.804887883
2018-12-12,10508824.081343465,24517.97322777449,1533.5062776566347,-1.2034030038092987e-10,-4.956355040400736e-11,5136205.565416558,-5111687.592188783,10533342.05457124
2018-12-13,10507299.253661182,84643.79120015306,1524.8276822826672,-1.1999335552810183e-10,-4.956355040400736e-11,5167402.732142378,-5082758.940942224,10591943.044861335
2018-12-14,10505782.651864529,148901.5735123295,1516.601796653152,-1.21182880737798e-10,-4.956355040400736e-11,5204240.895689503,-5055339.322177174,10654684.225376857
2018-12-15,10504266.050067876,148901.5735123295,1516.601796653152,-1.21182880737798e-10,-4.956355040400736e-11,5204240.895689503,-5055339.322177174,10653167.623580204
2018-12-16,10502749.448271222,148901.5735123295,1516.601796653152,-1.21182880737798e-10,-4.956355040400736e-11,5204240.895689503,-5055339.322177174,10651651.021783551
2018-12-17,10655807.643845158,-4.656612873077393e-10,6591.820457539459,0,0,0.0,-4.656612873077393e-10,10655807.643845158
2018-12-18,10656486.42462144,0,0.0,0,0,0,0,10656486.42462144
2018-12-19,10657165.24863643,0,0.0,0,0,0,0,10657165.24863643
2018-12-20,10657844.11589288,0,0.0,0,0,0,0,10657844.11589288
2018-12-21,10658523.026393546,0,0.0,0,0,0,0,10658523.026393546
2018-12-22,10659201.980141181,0,0.0,0,0,0,0,10659201.980141181
2018-12-23,10659880.977138544,0,0.0,0,0,0,0,10659880.977138544
2018-12-24,10660560.017388385,0,0.0,0,0,0,0,10660560.017388385
2018-12-25,10661239.100893462,0,0.0,0,0,0,0,10661239.100893462
2018-12-26,10661918.22765653,0,0.0,0,0,0,0,10661918.22765653
2018-12-27,10662597.397680344,0,0.0,0,0,0,0,10662597.397680344
2018-12-28,10663276.61096766,0,0.0,0,0,0,0,10663276.61096766
2018-12-29,10663955.867521234,0,0.0,0,0,0,0,10663955.867521234
2018-12-30,10664635.167343821,0,0.0,0,0,0,0,10664635.167343821
2018-12-31,10665314.51043818,0,0.0,0,0,0,0,10665314.51043818
2019-01-01,10665993.896807065,0,0.0,0,0,0,0,10665993.896807065
2019-01-02,10666673.326453233,0,0.0,0,0,0,0,10666673.326453233
2019-01-03,10667352.799379442,0,0.0,0,0,0,0,10667352.799379442
2019-01-04,10668032.315588448,0,0.0,0,0,0,0,10668032.315588448
2019-01-05,10668711.875083009,0,0.0,0,0,0,0,10668711.875083009
2019-01-06,10669391.47786588,0,0.0,0,0,0,0,10669391.47786588
2019-01-07,10670071.123939821,0,0.0,0,0,0,0,10670071.123939821
2019-01-08,10670750.813307589,0,0.0,0,0,0,0,10670750.813307589
2019-01-09,10671430.545971941,0,0.0,0,0,0,0,10671430.545971941
2019-01-10,10672110.321935635,0,0.0,0,0,0,0,10672110.321935635
2019-01-11,10672790.141201431,0,0.0,0,0,0,0,10672790.141201431
2019-01-12,10673470.003772086,0,0.0,0,0,0,0,10673470.003772086
2019-01-13,10674149.909650357,0,0.0,0,0,0,0,10674149.909650357
2019-01-14,10674829.858839005,0,0.0,0,0,0,0,10674829.858839005
2019-01-15,10675509.85134079,0,0.0,0,0,0,0,10675509.85134079
2019-01-16,10676189.887158467,0,0.0,0,0,0,0,10676189.887158467
2019-01-17,10676869.966294797,0,0.0,0,0,0,0,10676869.966294797
2019-01-18,10677550.088752542,0,0.0,0,0,0,0,10677550.088752542
2019-01-19,10678230.254534459,0,0.0,0,0,0,0,10678230.254534459
2019-01-20,10678910.463643309,0,0.0,0,0,0,0,10678910.463643309
2019-01-21,10679590.71608185,0,0.0,0,0,0,0,10679590.71608185
2019-01-22,10680271.011852844,0,0.0,0,0,0,0,10680271.011852844
2019-01-23,10680951.350959051,0,0.0,0,0,0,0,10680951.350959051
2019-01-24,10681631.733403232,0,0.0,0,0,0,0,10681631.733403232
2019-01-25,10682312.159188146,0,0.0,0,0,0,0,10682312.159188146
2019-01-26,10682992.628316555,0,0.0,0,0,0,0,10682992.628316555
2019-01-27,10683673.14079122,0,0.0,0,0,0,0,10683673.14079122
2019-01-28,10684353.696614902,0,0.0,0,0,0,0,10684353.696614902
2019-01-29,10685034.295790363,0,0.0,0,0,0,0,10685034.295790363
2019-01-30,10685714.938320363,0,0.0,0,0,0,0,10685714.938320363
2019-01-31,10686395.624207664,0,0.0,0,0,0,0,10686395.624207664
2019-02-01,10687076.35345503,0,0.0,0,0,0,0,10687076.35345503
2019-02-02,10687757.126065219,0,0.0,0,0,0,0,10687757.126065219
2019-02-03,10688437.942040997,0,0.0,0,0,0,0,10688437.942040997
2019-02-04,10689118.801385125,0,0.0,0,0,0,0,10689118.801385125
2019-02-05,10689799.704100367,0,0.0,0,0,0,0,10689799.704100367
2019-02-06,10690480.650189484,0,0.0,0,0,0,0,10690480.650189484
2019-02-07,10691161.639655238,0,0.0,0,0,0,0,10691161.639655238
2019-02-08,10691842.672500394,0,0.0,0,0,0,0,10691842.672500394
2019-02-09,10692523.748727715,0,0.0,0,0,0,0,10692523.748727715
2019-02-10,10693204.868339963,0,0.0,0,0,0,0,10693204.868339963
2019-02-11,10693886.031339904,0,0.0,0,0,0,0,10693886.031339904
2019-02-12,10694567.237730302,0,0.0,0,0,0,0,10694567.237730302
2019-02-13,10695248.487513918,0,0.0,0,0,0,0,10695248.487513918
2019-02-14,10695929.780693518,0,0.0,0,0,0,0,10695929.780693518
2019-02-15,10696611.117271867,0,0.0,0,0,0,0,10696611.117271867
2019-02-16,10697292.497251729,0,0.0,0,0,0,0,10697292.497251729
2019-02-17,10697973.920635868,0,0.0,0,0,0,0,10697973.920635868
2019-02-18,10698655.387427049,0,0.0,0,0,0,0,10698655.387427049
2019-02-19,10699336.897628037,0,0.0,0,0,0,0,10699336.897628037
2019-02-20,10700018.4512416,0,0.0,0,0,0,0,10700018.4512416
2019-02-21,10700700.0482705,0,0.0,0,0,0,0,10700700.0482705
2019-02-22,10701381.688717503,0,0.0,0,0,0,0,10701381.688717503
2019-02-23,10702063.372585375,0,0.0,0,0,0,0,10702063.372585375
2019-02-24,10702745.099876883,0,0.0,0,0,0,0,10702745.099876883
2019-02-25,10703426.870594792,0,0.0,0,0,0,0,10703426.870594792
2019-02-26,10704108.68474187,0,0.0,0,0,0,0,10704108.68474187
2019-02-27,10704790.542320881,0,0.0,0,0,0,0,10704790.542320881
2019-02-28,10705472.443334593,0,0.0,0,0,0,0,10705472.443334593
2019-03-01,10706154.387785772,0,0.0,0,0,0,0,10706154.387785772
2019-03-02,10706836.375677185,0,0.0,0,0,0,0,10706836.375677185
2019-03-03,10707518.4070116,0,0.0,0,0,0,0,10707518.4070116
2019-03-04,10708200.481791785,0,0.0,0,0,0,0,10708200.481791785
2019-03-05,10708882.600020505,0,0.0,0,0,0,0,10708882.600020505
2019-03-06,10709564.761700531,0,0.0,0,0,0,0,10709564.761700531
2019-03-07,10710246.966834629,0,0.0,0,0,0,0,10710246.966834629
2019-03-08,10710929.215425568,0,0.0,0,0,0,0,10710929.215425568
2019-03-09,10711611.507476114,0,0.0,0,0,0,0,10711611.507476114
2019-03-10,10712293.842989037,0,0.0,0,0,0,0,10712293.842989037
2019-03-11,10712976.221967105,0,0.0,0,0,0,0,10712976.221967105
2019-03-12,10713658.644413088,0,0.0,0,0,0,0,10713658.644413088
2019-03-13,10714341.110329755,0,0.0,0,0,0,0,10714341.110329755
2019-03-14,10715023.619719872,0,0.0,0,0,0,0,10715023.619719872
2019-03-15,10715706.172586212,0,0.0,0,0,0,0,10715706.172586212
2019-03-16,10716388.768931543,0,0.0,0,0,0,0,10716388.768931543
2019-03-17,10717071.408758635,0,0.0,0,0,0,0,10717071.408758635
2019-03-18,10717754.092070257,0,0.0,0,0,0,0,10717754.092070257
2019-03-19,10718436.81886918,0,0.0,0,0,0,0,10718436.81886918
2019-03-20,10719119.589158172,0,0.0,0,0,0,0,10719119.589158172
2019-03-21,10719802.402940005,0,0.0,0,0,0,0,10719802.402940005
2019-03-22,10720485.26021745,0,0.0,0,0,0,0,10720485.26021745
2019-03-23,10721168.160993278,0,0.0,0,0,0,0,10721168.160993278
2019-03-24,10721851.10527026,0,0.0,0,0,0,0,10721851.10527026
2019-03-25,10722534.093051163,0,0.0,0,0,0,0,10722534.093051163
2019-03-26,10723217.124338763,0,0.0,0,0,0,0,10723217.124338763
2019-03-27,10723900.199135829,0,0.0,0,0,0,0,10723900.199135829
2019-03-28,10724583.317445133,0,0.0,0,0,0,0,10724583.317445133
2019-03-29,10725266.479269449,0,0.0,0,0,0,0,10725266.479269449
2019-03-30,10725949.684611546,0,0.0,0,0,0,0,10725949.684611546
2019-03-31,10726632.933474196,0,0.0,0,0,0,0,10726632.933474196
2019-04-01,10727316.225860173,0,0.0,0,0,0,0,10727316.225860173
2019-04-02,10727999.56177225,0,0.0,0,0,0,0,10727999.56177225
2019-04-03,10728682.941213196,0,0.0,0,0,0,0,10728682.941213196
2019-04-04,10729366.364185788,0,0.0,0,0,0,0,10729366.364185788
2019-04-05,10730049.830692796,0,0.0,0,0,0,0,10730049.830692796
2019-04-06,10730733.340736995,0,0.0,0,0,0,0,10730733.340736995
2019-04-07,10731416.894321157,0,0.0,0,0,0,0,10731416.894321157
2019-04-08,10732100.491448058,0,0.0,0,0,0,0,10732100.491448058
2019-04-09,10732784.13212047,0,0.0,0,0,0,0,10732784.13212047
2019-04-10,10733467.816341165,0,0.0,0,0,0,0,10733467.816341165
2019-04-11,10734151.54411292,0,0.0,0,0,0,0,10734151.54411292
2019-04-12,10734835.315438509,0,0.0,0,0,0,0,10734835.315438509
2019-04-13,10735519.130320704,0,0.0,0,0,0,0,10735519.130320704
2019-04-14,10736202.988762282,0,0.0,0,0,0,0,10736202.988762282
2019-04-15,10736886.890766017,0,0.0,0,0,0,0,10736886.890766017
2019-04-16,10737570.836334683,0,0.0,0,0,0,0,10737570.836334683
2019-04-17,10738254.825471057,0,0.0,0,0,0,0,10738254.825471057
2019-04-18,10738938.858177911,0,0.0,0,0,0,0,10738938.858177911
2019-04-19,10739622.934458025,0,0.0,0,0,0,0,10739622.934458025
2019-04-20,10740307.054314172,0,0.0,0,0,0,0,10740307.054314172
2019-04-21,10740991.217749126,0,0.0,0,0,0,0,10740991.217749126
2019-04-22,10741675.424765667,0,0.0,0,0,0,0,10741675.424765667
2019-04-23,10742359.67536657,0,0.0,0,0,0,0,10742359.67536657
2019-04-24,10743043.969554609,0,0.0,0,0,0,0,10743043.969554609
2019-04-25,10743728.307332562,0,0.0,0,0,0,0,10743728.307332562
2019-04-26,10744412.688703207,0,0.0,0,0,0,0,10744412.688703207
2019-04-27,10745097.11366932,0,0.0,0,0,0,0,10745097.11366932
2019-04-28,10745781.582233675,0,0.0,0,0,0,0,10745781.582233675
2019-04-29,10746466.094399054,0,0.0,0,0,0,0,10746466.094399054
2019-04-30,10747150.65016823,0,0.0,0,0,0,0,10747150.65016823
2019-05-01,10747835.249543985,0,0.0,0,0,0,0,10747835.249543985
2019-05-02,10748519.892529095,0,0.0,0,0,0,0,10748519.892529095
2019-05-03,10749204.579126338,0,0.0,0,0,0,0,10749204.579126338
2019-05-04,10749889.309338491,0,0.0,0,0,0,0,10749889.309338491
2019-05-05,10750574.083168333,0,0.0,0,0,0,0,10750574.083168333
2019-05-06,10751258.900618643,0,0.0,0,0,0,0,10751258.900618643
2019-05-07,10751943.761692198,0,0.0,0,0,0,0,10751943.761692198
2019-05-08,10752628.666391779,0,0.0,0,0,0,0,10752628.666391779
2019-05-09,10753313.614720164,0,0.0,0,0,0,0,10753313.614720164
2019-05-10,10753998.606680132,0,0.0,0,0,0,0,10753998.606680132
2019-05-11,10754683.642274464,0,0.0,0,0,0,0,10754683.642274464
2019-05-12,10755368.721505936,0,0.0,0,0,0,0,10755368.721505936
2019-05-13,10756053.844377331,0,0.0,0,0,0,0,10756053.844377331
2019-05-14,10756739.010891428,0,0.0,0,0,0,0,10756739.010891428
2019-05-15,10757424.221051008,0,0.0,0,0,0,0,10757424.221051008
2019-05-16,10758109.474858848,0,0.0,0,0,0,0,10758109.474858848
2019-05-17,10758794.772317732,0,0.0,0,0,0,0,10758794.772317732
2019-05-18,10759480.113430439,0,0.0,0,0,0,0,10759480.113430439
2019-05-19,10760165.498199748,0,0.0,0,0,0,0,10760165.498199748
2019-05-20,10760850.926628442,0,0.0,0,0,0,0,10760850.926628442
2019-05-21,10761536.398719303,0,0.0,0,0,0,0,10761536.398719303
2019-05-22,10762221.914475111,0,0.0,0,0,0,0,10762221.914475111
2019-05-23,10762907.473898647,0,0.0,0,0,0,0,10762907.473898647
2019-05-24,10763593.076992694,0,0.0,0,0,0,0,10763593.076992694
2019-05-25,10764278.723760033,0,0.0,0,0,0,0,10764278.723760033
2019-05-26,10764964.414203446,0,0.0,0,0,0,0,10764964.414203446
2019-05-27,10765650.148325715,0,0.0,0,0,0,0,10765650.148325715
2019-05-28,10766335.926129622,0,0.0,0,0,0,0,10766335.926129622
2019-05-29,10767021.747617953,0,0.0,0,0,0,0,10767021.747617953
2019-05-30,10767707.612793487,0,0.0,0,0,0,0,10767707.612793487
2019-05-31,10768393.521659007,0,0.0,0,0,0,0,10768393.521659007
2019-06-01,10769079.474217298,0,0.0,0,0,0,0,10769079.474217298
2019-06-02,10769765.47047114,0,0.0,0,0,0,0,10769765.47047114
2019-06-03,10770451.51042332,0,0.0,0,0,0,0,10770451.51042332
2019-06-04,10764958.930033378,0.0,5492.580389940283,-0.0,-0.0,5384882.73523557,-5384882.73523557,10764958.930033378
2019-06-05,10763344.322947705,36385.73213486094,1614.6070856738115,-0.0,-0.0,5418409.351047566,-5382023.618912705,10799730.055082567
2019-06-06,10761727.995951373,-15328.028027690714,1616.3269963324642,-0.0,-0.0,5372428.626413857,-5387756.654441548,10746399.967923682
2019-06-07,10760111.668955041,-15328.028027690714,1616.3269963324642,-0.0,-0.0,5372428.626413857,-5387756.654441548,10744783.64092735
2019-06-08,10758495.341958709,-15328.028027690714,1616.3269963324642,-0.0,-0.0,5372428.626413857,-5387756.654441548,10743167.313931018
2019-06-09,10756879.014962377,-15328.028027690714,1616.3269963324642,-0.0,-0.0,5372428.626413857,-5387756.654441548,10741550.986934686
2019-06-10,10755265.86550276,-120688.27849780768,1613.1494596177047,-0.0,-0.0,5256476.586894542,-5377164.86539235,10634577.587004952
2019-06-11,10753645.13321397,-197410.02835508995,1620.7322887886785,-0.0,-0.0,5205030.934273839,-5402440.962628929,10556235.10485888
2019-06-12,10752004.82095548,2069.4807883249596,1640.3122584912094,-0.0,-0.0,5469777.009092357,-5467707.528304032,10754074.301743805
2019-06-13,10750368.182680665,-50160.82607778092,1636.6382748148196,-0.0,-0.0,5405300.089971619,-5455460.916049399,10700207.356602883
2019-06-14,10748715.123183155,-96812.7162380463,1653.0594975089348,-0.0,-0.0,5413385.608791736,-5510198.325029783,10651902.40694511
2019-06-15,10747062.063685646,-96812.7162380463,1653.0594975089348,-0.0,-0.0,5413385.608791736,-5510198.325029783,10650249.3474476
2019-06-16,10745409.004188137,-96812.7162380463,1653.0594975089348,-0.0,-0.0,5413385.608791736,-5510198.325029783,10648596.287950091
2019-06-17,10555140.088538013,9.313225746154785e-10,7140.067250044862,0,0,-2.3283064365386963e-10,-9.313225746154785e-10,10555140.088538013
2019-06-18,10555812.456735952,0,0.0,0,0,0,0,10555812.456735952
2019-06-19,10556484.867764112,0,0.0,0,0,0,0,10556484.867764112
2019-06-20,10557157.321625222,0,0.0,0,0,0,0,10557157.321625222
2019-06-21,10557829.81832201,0,0.0,0,0,0,0,10557829.81832201
2019-06-22,10558502.357857207,0,0.0,0,0,0,0,10558502.357857207
2019-06-23,10559174.94023354,0,0.0,0,0,0,0,10559174.94023354
2019-06-24,10559847.565453738,0,0.0,0,0,0,0,10559847.565453738
2019-06-25,10560520.23352053,0,0.0,0,0,0,0,10560520.23352053
2019-06-26,10561192.944436647,0,0.0,0,0,0,0,10561192.944436647
2019-06-27,10561865.698204817,0,0.0,0,0,0,0,10561865.698204817
2019-06-28,10562538.49482777,0,0.0,0,0,0,0,10562538.49482777
2019-06-29,10563211.334308235,0,0.0,0,0,0,0,10563211.334308235
2019-06-30,10563884.216648944,0,0.0,0,0,0,0,10563884.216648944
2019-07-01,10564557.141852627,0,0.0,0,0,0,0,10564557.141852627
2019-07-02,10565230.109922012,0,0.0,0,0,0,0,10565230.109922012
2019-07-03,10565903.120859832,0,0.0,0,0,0,0,10565903.120859832
2019-07-04,10566576.174668817,0,0.0,0,0,0,0,10566576.174668817
2019-07-05,10567249.271351697,0,0.0,0,0,0,0,10567249.271351697
2019-07-06,10567922.410911204,0,0.0,0,0,0,0,10567922.410911204
2019-07-07,10568595.59335007,0,0.0,0,0,0,0,10568595.59335007
2019-07-08,10569268.818671025,0,0.0,0,0,0,0,10569268.818671025
2019-07-09,10569942.086876802,0,0.0,0,0,0,0,10569942.086876802
2019-07-10,10570615.397970133,0,0.0,0,0,0,0,10570615.397970133
2019-07-11,10571288.751953747,0,0.0,0,0,0,0,10571288.751953747
2019-07-12,10571962.148830378,0,0.0,0,0,0,0,10571962.148830378
2019-07-13,10572635.588602759,0,0.0,0,0,0,0,10572635.588602759
2019-07-14,10573309.071273621,0,0.0,0,0,0,0,10573309.071273621
2019-07-15,10573982.5968457,0,0.0,0,0,0,0,10573982.5968457
2019-07-16,10574656.165321724,0,0.0,0,0,0,0,10574656.165321724
2019-07-17,10575329.77670443,0,0.0,0,0,0,0,10575329.77670443
2019-07-18,10576003.43099655,0,0.0,0,0,0,0,10576003.43099655
2019-07-19,10576677.128200816,0,0.0,0,0,0,0,10576677.128200816
2019-07-20,10577350.868319962,0,0.0,0,0,0,0,10577350.868319962
2019-07-21,10578024.651356723,0,0.0,0,0,0,0,10578024.651356723
2019-07-22,10578698.477313831,0,0.0,0,0,0,0,10578698.477313831
2019-07-23,10579372.346194021,0,0.0,0,0,0,0,10579372.346194021
2019-07-24,10580046.25800003,0,0.0,0,0,0,0,10580046.25800003
2019-07-25,10580720.212734587,0,0.0,0,0,0,0,10580720.212734587
2019-07-26,10581394.21040043,0,0.0,0,0,0,0,10581394.21040043
2019-07-27,10582068.251000294,0,0.0,0,0,0,0,10582068.251000294
2019-07-28,10582742.334536912,0,0.0,0,0,0,0,10582742.334536912
2019-07-29,10583416.46101302,0,0.0,0,0,0,0,10583416.46101302
2019-07-30,10584090.630431352,0,0.0,0,0,0,0,10584090.630431352
2019-07-31,10584764.842794646,0,0.0,0,0,0,0,10584764.842794646
2019-08-01,10585439.098105635,0,0.0,0,0,0,0,10585439.098105635
2019-08-02,10586113.396367058,0,0.0,0,0,0,0,10586113.396367058
2019-08-03,10586787.73758165,0,0.0,0,0,0,0,10586787.73758165
2019-08-04,10587462.121752145,0,0.0,0,0,0,0,10587462.121752145
2019-08-05,10588136.548881281,0,0.0,0,0,0,0,10588136.548881281
2019-08-06,10588811.018971793,0,0.0,0,0,0,0,10588811.018971793
2019-08-07,10589485.53202642,0,0.0,0,0,0,0,10589485.53202642
2019-08-08,10590160.088047896,0,0.0,0,0,0,0,10590160.088047896
2019-08-09,10590834.68703896,0,0.0,0,0,0,0,10590834.68703896
2019-08-10,10591509.329002349,0,0.0,0,0,0,0,10591509.329002349
2019-08-11,10592184.0139408,0,0.0,0,0,0,0,10592184.0139408
2019-08-12,10592858.741857052,0,0.0,0,0,0,0,10592858.741857052
2019-08-13,10593533.51275384,0,0.0,0,0,0,0,10593533.51275384
2019-08-14,10594208.326633904,0,0.0,0,0,0,0,10594208.326633904
2019-08-15,10594883.18349998,0,0.0,0,0,0,0,10594883.18349998
2019-08-16,10595558.08335481,0,0.0,0,0,0,0,10595558.08335481
2019-08-17,10596233.026201129,0,0.0,0,0,0,0,10596233.026201129
2019-08-18,10596908.012041677,0,0.0,0,0,0,0,10596908.012041677
2019-08-19,10597583.040879192,0,0.0,0,0,0,0,10597583.040879192
2019-08-20,10598258.112716412,0,0.0,0,0,0,0,10598258.112716412
2019-08-21,10598933.227556078,0,0.0,0,0,0,0,10598933.227556078
2019-08-22,10599608.385400929,0,0.0,0,0,0,0,10599608.385400929
2019-08-23,10600283.586253703,0,0.0,0,0,0,0,10600283.586253703
2019-08-24,10600958.830117142,0,0.0,0,0,0,0,10600958.830117142
2019-08-25,10601634.116993984,0,0.0,0,0,0,0,10601634.116993984
2019-08-26,10602309.44688697,0,0.0,0,0,0,0,10602309.44688697
2019-08-27,10602984.819798838,0,0.0,0,0,0,0,10602984.819798838
2019-08-28,10603660.235732332,0,0.0,0,0,0,0,10603660.235732332
2019-08-29,10604335.69469019,0,0.0,0,0,0,0,10604335.69469019
2019-08-30,10605011.196675153,0,0.0,0,0,0,0,10605011.196675153
2019-08-31,10605686.741689961,0,0.0,0,0,0,0,10605686.741689961
2019-09-01,10606362.329737358,0,0.0,0,0,0,0,10606362.329737358
2019-09-02,10607037.960820083,0,0.0,0,0,0,0,10607037.960820083
2019-09-03,10607713.634940876,0,0.0,0,0,0,0,10607713.634940876
2019-09-04,10608389.35210248,0,0.0,0,0,0,0,10608389.35210248
2019-09-05,10609065.112307638,0,0.0,0,0,0,0,10609065.112307638
2019-09-06,10609740.91555909,0,0.0,0,0,0,0,10609740.91555909
2019-09-07,10610416.761859579,0,0.0,0,0,0,0,10610416.761859579
2019-09-08,10611092.651211847,0,0.0,0,0,0,0,10611092.651211847
2019-09-09,10611768.583618635,0,0.0,0,0,0,0,10611768.583618635
2019-09-10,10612444.559082689,0,0.0,0,0,0,0,10612444.559082689
2019-09-11,10613120.577606749,0,0.0,0,0,0,0,10613120.577606749
2019-09-12,10613796.639193559,0,0.0,0,0,0,0,10613796.639193559
2019-09-13,10614472.743845861,0,0.0,0,0,0,0,10614472.743845861
2019-09-14,10615148.891566401,0,0.0,0,0,0,0,10615148.891566401
2019-09-15,10615825.08235792,0,0.0,0,0,0,0,10615825.08235792
2019-09-16,10616501.316223163,0,0.0,0,0,0,0,10616501.316223163
2019-09-17,10617177.593164872,0,0.0,0,0,0,0,10617177.593164872
2019-09-18,10617853.913185794,0,0.0,0,0,0,0,10617853.913185794
2019-09-19,10618530.27628867,0,0.0,0,0,0,0,10618530.27628867
2019-09-20,10619206.682476245,0,0.0,0,0,0,0,10619206.682476245
2019-09-21,10619883.131751265,0,0.0,0,0,0,0,10619883.131751265
2019-09-22,10620559.624116475,0,0.0,0,0,0,0,10620559.624116475
2019-09-23,10621236.159574617,0,0.0,0,0,0,0,10621236.159574617
2019-09-24,10621912.738128439,0,0.0,0,0,0,0,10621912.738128439
2019-09-25,10622589.359780684,0,0.0,0,0,0,0,10622589.359780684
2019-09-26,10623266.024534099,0,0.0,0,0,0,0,10623266.024534099
2019-09-27,10623942.732391428,0,0.0,0,0,0,0,10623942.732391428
2019-09-28,10624619.483355418,0,0.0,0,0,0,0,10624619.483355418
2019-09-29,10625296.277428815,0,0.0,0,0,0,0,10625296.277428815
2019-09-30,10625973.114614366,0,0.0,0,0,0,0,10625973.114614366
2019-10-01,10626649.994914815,0,0.0,0,0,0,0,10626649.994914815
2019-10-02,10627326.918332908,0,0.0,0,0,0,0,10627326.918332908
2019-10-03,10628003.884871395,0,0.0,0,0,0,0,10628003.884871395
2019-10-04,10628680.894533021,0,0.0,0,0,0,0,10628680.894533021
2019-10-05,10629357.947320532,0,0.0,0,0,0,0,10629357.947320532
2019-10-06,10630035.043236677,0,0.0,0,0,0,0,10630035.043236677
2019-10-07,10630712.1822842,0,0.0,0,0,0,0,10630712.1822842
2019-10-08,10631389.364465853,0,0.0,0,0,0,0,10631389.364465853
2019-10-09,10632066.58978438,0,0.0,0,0,0,0,10632066.58978438
2019-10-10,10632743.85824253,0,0.0,0,0,0,0,10632743.85824253
2019-10-11,10633421.169843052,0,0.0,0,0,0,0,10633421.169843052
2019-10-12,10634098.524588693,0,0.0,0,0,0,0,10634098.524588693
2019-10-13,10634775.922482202,0,0.0,0,0,0,0,10634775.922482202
2019-10-14,10635453.363526328,0,0.0,0,0,0,0,10635453.363526328
2019-10-15,10636130.847723817,0,0.0,0,0,0,0,10636130.847723817
2019-10-16,10636808.375077423,0,0.0,0,0,0,0,10636808.375077423
2019-10-17,10637485.94558989,0,0.0,0,0,0,0,10637485.94558989
2019-10-18,10638163.55926397,0,0.0,0,0,0,0,10638163.55926397
2019-10-19,10638841.216102412,0,0.0,0,0,0,0,10638841.216102412
2019-10-20,10639518.916107966,0,0.0,0,0,0,0,10639518.916107966
2019-10-21,10640196.65928338,0,0.0,0,0,0,0,10640196.65928338
2019-10-22,10640874.445631405,0,0.0,0,0,0,0,10640874.445631405
2019-10-23,10641552.275154792,0,0.0,0,0,0,0,10641552.275154792
2019-10-24,10642230.14785629,0,0.0,0,0,0,0,10642230.14785629
2019-10-25,10642908.06373865,0,0.0,0,0,0,0,10642908.06373865
2019-10-26,10643586.022804622,0,0.0,0,0,0,0,10643586.022804622
2019-10-27,10644264.025056958,0,0.0,0,0,0,0,10644264.025056958
2019-10-28,10644942.070498409,0,0.0,0,0,0,0,10644942.070498409
2019-10-29,10645620.159131724,0,0.0,0,0,0,0,10645620.159131724
2019-10-30,10646298.290959656,0,0.0,0,0,0,0,10646298.290959656
2019-10-31,10646976.465984957,0,0.0,0,0,0,0,10646976.465984957
2019-11-01,10647654.684210379,0,0.0,0,0,0,0,10647654.684210379
2019-11-02,10648332.945638672,0,0.0,0,0,0,0,10648332.945638672
2019-11-03,10649011.250272589,0,0.0,0,0,0,0,10649011.250272589
2019-11-04,10649689.598114882,0,0.0,0,0,0,0,10649689.598114882
2019-11-05,10650367.989168303,0,0.0,0,0,0,0,10650367.989168303
2019-11-06,10651046.423435606,0,0.0,0,0,0,0,10651046.423435606
2019-11-07,10651724.900919544,0,0.0,0,0,0,0,10651724.900919544
2019-11-08,10652403.421622869,0,0.0,0,0,0,0,10652403.421622869
2019-11-09,10653081.985548332,0,0.0,0,0,0,0,10653081.985548332
2019-11-10,10653760.59269869,0,0.0,0,0,0,0,10653760.59269869
2019-11-11,10654439.243076693,0,0.0,0,0,0,0,10654439.243076693
2019-11-12,10655117.936685098,0,0.0,0,0,0,0,10655117.936685098
2019-11-13,10655796.673526658,0,0.0,0,0,0,0,10655796.673526658
2019-11-14,10656475.453604124,0,0.0,0,0,0,0,10656475.453604124
2019-11-15,10657154.276920253,0,0.0,0,0,0,0,10657154.276920253
2019-11-16,10657833.1434778,0,0.0,0,0,0,0,10657833.1434778
2019-11-17,10658512.053279515,0,0.0,0,0,0,0,10658512.053279515
2019-11-18,10659191.006328158,0,0.0,0,0,0,0,10659191.006328158
2019-11-19,10659870.00262648,0,0.0,0,0,0,0,10659870.00262648
2019-11-20,10660549.04217724,0,0.0,0,0,0,0,10660549.04217724
2019-11-21,10661228.12498319,0,0.0,0,0,0,0,10661228.12498319
2019-11-22,10661907.251047086,0,0.0,0,0,0,0,10661907.251047086
2019-11-23,10662586.420371683,0,0.0,0,0,0,0,10662586.420371683
2019-11-24,10663265.632959738,0,0.0,0,0,0,0,10663265.632959738
2019-11-25,10663944.888814008,0,0.0,0,0,0,0,10663944.888814008
2019-11-26,10664624.187937247,0,0.0,0,0,0,0,10664624.187937247
2019-11-27,10665303.530332211,0,0.0,0,0,0,0,10665303.530332211
2019-11-28,10665982.916001657,0,0.0,0,0,0,0,10665982.916001657
2019-11-29,10666662.344948342,0,0.0,0,0,0,0,10666662.344948342
2019-11-30,10667341.817175023,0,0.0,0,0,0,0,10667341.817175023
2019-12-01,10668021.332684455,0,0.0,0,0,0,0,10668021.332684455
2019-12-02,10668700.891479399,0,0.0,0,0,0,0,10668700.891479399
2019-12-03,10663260.20059973,-4.656612873077393e-10,5440.690879669072,4.607237830138821e-11,1.593648505755386e-11,5334010.666342228,-5334010.666342228,10663260.20059973
2019-12-04,10661667.478496859,64085.51907682582,1592.7221028703864,4.6167997211733526e-11,1.593648505755386e-11,5373159.195311447,-5309073.676234622,10725752.997573685
2019-12-05,10660065.450433245,136968.4539888543,1602.0280636143457,4.634329854736662e-11,1.593648505755386e-11,5477061.999370007,-5340093.545381153,10797033.904422099
2019-12-06,10658467.83469463,215829.93126894673,1597.615738614614,4.663015527840259e-11,1.593648505755386e-11,5541215.726650994,-5325385.795382047,10874297.765963577
2019-12-07,10656870.218956014,215829.93126894673,1597.615738614614,4.663015527840259e-11,1.593648505755386e-11,5541215.726650994,-5325385.795382047,10872700.150224961
2019-12-08,10655272.603217399,215829.93126894673,1597.615738614614,4.663015527840259e-11,1.593648505755386e-11,5541215.726650994,-5325385.795382047,10871102.534486346
2019-12-09,10653664.196746467,244267.03709331388,1608.4064709323359,4.6853266069208344e-11,1.593648505755386e-11,5605621.9402011,-5361354.903107787,10897931.23383978
2019-12-10,10652029.180842444,93320.90879215859,1635.0159040222147,4.6598282308287484e-11,1.593648505755386e-11,5543373.922199542,-5450053.013407383,10745350.089634603
2019-12-11,10650402.902189534,144908.08538536727,1626.2786529110701,4.690107552438101e-11,1.593648505755386e-11,5565836.9284222685,-5420928.843036901,10795310.987574901
2019-12-12,10648772.984799331,133909.77788804914,1629.9173902037583,4.696482146461122e-11,1.593648505755386e-11,5566967.74523391,-5433057.967345862,10782682.76268738
2019-12-13,10647135.637841858,124766.92865573056,1637.3469574732405,4.7219805225532083e-11,1.593648505755386e-11,5582590.1202332,-5457823.191577469,10771902.566497589
2019-12-14,10645498.290884385,124766.92865573056,1637.3469574732405,4.7219805225532083e-11,1.593648505755386e-11,5582590.1202332,-5457823.191577469,10770265.219540115
2019-12-15,10643860.943926912,124766.92865573056,1637.3469574732405,4.7219805225532083e-11,1.593648505755386e-11,5582590.1202332,-5457823.191577469,10768627.872582642
2019-12-16,10830984.589404896,-1.1641532182693481e-09,7312.711717433117,0,0,-9.313225746154785e-10,6.984919309616089e-10,10830984.589404894
2019-12-17,10831674.529048443,0,0.0,0,0,0,0,10831674.529048443
2019-12-18,10832364.512641523,0,0.0,0,0,0,0,10832364.512641523
2019-12-19,10833054.540186934,0,0.0,0,0,0,0,10833054.540186934
2019-12-20,10833744.611687478,0,0.0,0,0,0,0,10833744.611687478
2019-12-21,10834434.727145953,0,0.0,0,0,0,0,10834434.727145953
2019-12-22,10835124.886565162,0,0.0,0,0,0,0,10835124.886565162
2019-12-23,10835815.089947902,0,0.0,0,0,0,0,10835815.089947902
2019-12-24,10836505.337296976,0,0.0,0,0,0,0,10836505.337296976
2019-12-25,10837195.628615184,0,0.0,0,0,0,0,10837195.628615184
2019-12-26,10837885.963905325,0,0.0,0,0,0,0,10837885.963905325
2019-12-27,10838576.343170203,0,0.0,0,0,0,0,10838576.343170203
2019-12-28,10839266.766412618,0,0.0,0,0,0,0,10839266.766412618
2019-12-29,10839957.23363537,0,0.0,0,0,0,0,10839957.23363537
2019-12-30,10840647.744841263,0,0.0,0,0,0,0,10840647.744841263
2019-12-31,10841338.300033096,0,0.0,0,0,0,0,10841338.300033096
2020-01-01,10842028.899213674,0,0.0,0,0,0,0,10842028.899213674
2020-01-02,10842719.542385796,0,0.0,0,0,0,0,10842719.542385796
2020-01-03,10843410.229552267,0,0.0,0,0,0,0,10843410.229552267
2020-01-04,10844100.960715888,0,0.0,0,0,0,0,10844100.960715888
2020-01-05,10844791.735879462,0,0.0,0,0,0,0,10844791.735879462
2020-01-06,10845482.555045793,0,0.0,0,0,0,0,10845482.555045793
2020-01-07,10846173.418217681,0,0.0,0,0,0,0,10846173.418217681
2020-01-08,10846864.325397933,0,0.0,0,0,0,0,10846864.325397933
2020-01-09,10847555.276589349,0,0.0,0,0,0,0,10847555.276589349
2020-01-10,10848246.271794735,0,0.0,0,0,0,0,10848246.271794735
2020-01-11,10848937.311016893,0,0.0,0,0,0,0,10848937.311016893
2020-01-12,10849628.394258628,0,0.0,0,0,0,0,10849628.394258628
2020-01-13,10850319.521522744,0,0.0,0,0,0,0,10850319.521522744
2020-01-14,10851010.692812044,0,0.0,0,0,0,0,10851010.692812044
2020-01-15,10851701.908129333,0,0.0,0,0,0,0,10851701.908129333
2020-01-16,10852393.167477416,0,0.0,0,0,0,0,10852393.167477416
2020-01-17,10853084.470859097,0,0.0,0,0,0,0,10853084.470859097
2020-01-18,10853775.818277182,0,0.0,0,0,0,0,10853775.818277182
2020-01-19,10854467.209734475,0,0.0,0,0,0,0,10854467.209734475
2020-01-20,10855158.645233784,0,0.0,0,0,0,0,10855158.645233784
2020-01-21,10855850.124777911,0,0.0,0,0,0,0,10855850.124777911
2020-01-22,10856541.648369664,0,0.0,0,0,0,0,10856541.648369664
2020-01-23,10857233.216011848,0,0.0,0,0,0,0,10857233.216011848
2020-01-24,10857924.82770727,0,0.0,0,0,0,0,10857924.82770727
2020-01-25,10858616.483458735,0,0.0,0,0,0,0,10858616.483458735
2020-01-26,10859308.18326905,0,0.0,0,0,0,0,10859308.18326905
2020-01-27,10859999.92714102,0,0.0,0,0,0,0,10859999.92714102
2020-01-28,10860691.715077454,0,0.0,0,0,0,0,10860691.715077454
2020-01-29,10861383.547081158,0,0.0,0,0,0,0,10861383.547081158
2020-01-30,10862075.423154939,0,0.0,0,0,0,0,10862075.423154939
2020-01-31,10862767.343301604,0,0.0,0,0,0,0,10862767.343301604
2020-02-01,10863459.30752396,0,0.0,0,0,0,0,10863459.30752396
2020-02-02,10864151.315824816,0,0.0,0,0,0,0,10864151.315824816
2020-02-03,10864843.36820698,0,0.0,0,0,0,0,10864843.36820698
2020-02-04,10865535.464673258,0,0.0,0,0,0,0,10865535.464673258
2020-02-05,10866227.60522646,0,0.0,0,0,0,0,10866227.60522646
2020-02-06,10866919.789869396,0,0.0,0,0,0,0,10866919.789869396
2020-02-07,10867612.01860487,0,0.0,0,0,0,0,10867612.01860487
2020-02-08,10868304.291435694,0,0.0,0,0,0,0,10868304.291435694
2020-02-09,10868996.608364677,0,0.0,0,0,0,0,10868996.608364677
2020-02-10,10869688.969394626,0,0.0,0,0,0,0,10869688.969394626
2020-02-11,10870381.374528352,0,0.0,0,0,0,0,10870381.374528352
2020-02-12,10871073.823768664,0,0.0,0,0,0,0,10871073.823768664
2020-02-13,10871766.31711837,0,0.0,0,0,0,0,10871766.31711837
2020-02-14,10872458.854580283,0,0.0,0,0,0,0,10872458.854580283
2020-02-15,10873151.43615721,0,0.0,0,0,0,0,10873151.43615721
2020-02-16,10873844.061851962,0,0.0,0,0,0,0,10873844.061851962
2020-02-17,10874536.73166735,0,0.0,0,0,0,0,10874536.73166735
2020-02-18,10875229.445606183,0,0.0,0,0,0,0,10875229.445606183
2020-02-19,10875922.203671275,0,0.0,0,0,0,0,10875922.203671275
2020-02-20,10876615.005865434,0,0.0,0,0,0,0,10876615.005865434
2020-02-21,10877307.852191472,0,0.0,0,0,0,0,10877307.852191472
2020-02-22,10878000.7426522,0,0.0,0,0,0,0,10878000.7426522
2020-02-23,10878693.67725043,0,0.0,0,0,0,0,10878693.67725043
2020-02-24,10879386.655988973,0,0.0,0,0,0,0,10879386.655988973
2020-02-25,10880079.678870639,0,0.0,0,0,0,0,10880079.678870639
2020-02-26,10880772.745898243,0,0.0,0,0,0,0,10880772.745898243
2020-02-27,10881465.857074596,0,0.0,0,0,0,0,10881465.857074596
2020-02-28,10882159.01240251,0,0.0,0,0,0,0,10882159.01240251
2020-02-29,10882852.211884797,0,0.0,0,0,0,0,10882852.211884797
2020-03-01,10883545.45552427,0,0.0,0,0,0,0,10883545.45552427
2020-03-02,10884238.743323741,0,0.0,0,0,0,0,10884238.743323741
2020-03-03,10884932.075286025,0,0.0,0,0,0,0,10884932.075286025
2020-03-04,10885625.451413935,0,0.0,0,0,0,0,10885625.451413935
2020-03-05,10886318.871710284,0,0.0,0,0,0,0,10886318.871710284
2020-03-06,10887012.336177884,0,0.0,0,0,0,0,10887012.336177884
2020-03-07,10887705.84481955,0,0.0,0,0,0,0,10887705.84481955
2020-03-08,10888399.397638096,0,0.0,0,0,0,0,10888399.397638096
2020-03-09,10889092.994636336,0,0.0,0,0,0,0,10889092.994636336
2020-03-10,10889786.635817084,0,0.0,0,0,0,0,10889786.635817084
2020-03-11,10890480.321183156,0,0.0,0,0,0,0,10890480.321183156
2020-03-12,10891174.050737364,0,0.0,0,0,0,0,10891174.050737364
2020-03-13,10891867.824482525,0,0.0,0,0,0,0,10891867.824482525
2020-03-14,10892561.642421452,0,0.0,0,0,0,0,10892561.642421452
2020-03-15,10893255.504556963,0,0.0,0,0,0,0,10893255.504556963
2020-03-16,10893949.410891872,0,0.0,0,0,0,0,10893949.410891872
2020-03-17,10894643.361428993,0,0.0,0,0,0,0,10894643.361428993
2020-03-18,10895337.356171142,0,0.0,0,0,0,0,10895337.356171142
2020-03-19,10896031.395121137,0,0.0,0,0,0,0,10896031.395121137
2020-03-20,10896725.478281792,0,0.0,0,0,0,0,10896725.478281792
2020-03-21,10897419.605655925,0,0.0,0,0,0,0,10897419.605655925
2020-03-22,10898113.77724635,0,0.0,0,0,0,0,10898113.77724635
2020-03-23,10898807.993055886,0,0.0,0,0,0,0,10898807.993055886
2020-03-24,10899502.25308735,0,0.0,0,0,0,0,10899502.25308735
2020-03-25,10900196.557343556,0,0.0,0,0,0,0,10900196.557343556
2020-03-26,10900890.905827323,0,0.0,0,0,0,0,10900890.905827323
2020-03-27,10901585.29854147,0,0.0,0,0,0,0,10901585.29854147
2020-03-28,10902279.735488812,0,0.0,0,0,0,0,10902279.735488812
2020-03-29,10902974.216672167,0,0.0,0,0,0,0,10902974.216672167
2020-03-30,10903668.742094353,0,0.0,0,0,0,0,10903668.742094353
2020-03-31,10904363.311758189,0,0.0,0,0,0,0,10904363.311758189
2020-04-01,10905057.925666492,0,0.0,0,0,0,0,10905057.925666492
2020-04-02,10905752.58382208,0,0.0,0,0,0,0,10905752.58382208
2020-04-03,10906447.286227774,0,0.0,0,0,0,0,10906447.286227774
2020-04-04,10907142.032886392,0,0.0,0,0,0,0,10907142.032886392
2020-04-05,10907836.82380075,0,0.0,0,0,0,0,10907836.82380075
2020-04-06,10908531.65897367,0,0.0,0,0,0,0,10908531.65897367
2020-04-07,10909226.53840797,0,0.0,0,0,0,0,10909226.53840797
2020-04-08,10909921.462106472,0,0.0,0,0,0,0,10909921.462106472
2020-04-09,10910616.430071993,0,0.0,0,0,0,0,10910616.430071993
2020-04-10,10911311.442307353,0,0.0,0,0,0,0,10911311.442307353
2020-04-11,10912006.498815373,0,0.0,0,0,0,0,10912006.498815373
2020-04-12,10912701.599598873,0,0.0,0,0,0,0,10912701.599598873
2020-04-13,10913396.744660674,0,0.0,0,0,0,0,10913396.744660674
2020-04-14,10914091.934003595,0,0.0,0,0,0,0,10914091.934003595
2020-04-15,10914787.167630458,0,0.0,0,0,0,0,10914787.167630458
2020-04-16,10915482.445544083,0,0.0,0,0,0,0,10915482.445544083
2020-04-17,10916177.76774729,0,0.0,0,0,0,0,10916177.76774729
2020-04-18,10916873.134242903,0,0.0,0,0,0,0,10916873.134242903
2020-04-19,10917568.545033742,0,0.0,0,0,0,0,10917568.545033742
2020-04-20,10918264.00012263,0,0.0,0,0,0,0,10918264.00012263
2020-04-21,10918959.499512386,0,0.0,0,0,0,0,10918959.499512386
2020-04-22,10919655.043205833,0,0.0,0,0,0,0,10919655.043205833
2020-04-23,10920350.631205795,0,0.0,0,0,0,0,10920350.631205795
2020-04-24,10921046.263515092,0,0.0,0,0,0,0,10921046.263515092
2020-04-25,10921741.940136548,0,0.0,0,0,0,0,10921741.940136548
2020-04-26,10922437.661072986,0,0.0,0,0,0,0,10922437.661072986
2020-04-27,10923133.426327229,0,0.0,0,0,0,0,10923133.426327229
2020-04-28,10923829.235902099,0,0.0,0,0,0,0,10923829.235902099
2020-04-29,10924525.08980042,0,0.0,0,0,0,0,10924525.08980042
2020-04-30,10925220.988025013,0,0.0,0,0,0,0,10925220.988025013
2020-05-01,10925916.930578705,0,0.0,0,0,0,0,10925916.930578705
2020-05-02,10926612.917464318,0,0.0,0,0,0,0,10926612.917464318
2020-05-03,10927308.948684676,0,0.0,0,0,0,0,10927308.948684676
2020-05-04,10928005.024242604,0,0.0,0,0,0,0,10928005.024242604
2020-05-05,10928701.144140925,0,0.0,0,0,0,0,10928701.144140925
2020-05-06,10929397.308382465,0,0.0,0,0,0,0,10929397.308382465
2020-05-07,10930093.516970048,0,0.0,0,0,0,0,10930093.516970048
2020-05-08,10930789.769906498,0,0.0,0,0,0,0,10930789.769906498
2020-05-09,10931486.067194642,0,0.0,0,0,0,0,10931486.067194642
2020-05-10,10932182.408837305,0,0.0,0,0,0,0,10932182.408837305
2020-05-11,10932878.79483731,0,0.0,0,0,0,0,10932878.79483731
2020-05-12,10933575.225197487,0,0.0,0,0,0,0,10933575.225197487
2020-05-13,10934271.699920656,0,0.0,0,0,0,0,10934271.699920656
2020-05-14,10934968.219009647,0,0.0,0,0,0,0,10934968.219009647
2020-05-15,10935664.782467285,0,0.0,0,0,0,0,10935664.782467285
2020-05-16,10936361.390296396,0,0.0,0,0,0,0,10936361.390296396
2020-05-17,10937058.042499807,0,0.0,0,0,0,0,10937058.042499807
2020-05-18,10937754.739080343,0,0.0,0,0,0,0,10937754.739080343
2020-05-19,10938451.480040833,0,0.0,0,0,0,0,10938451.480040833
2020-05-20,10939148.265384104,0,0.0,0,0,0,0,10939148.265384104
2020-05-21,10939845.095112983,0,0.0,0,0,0,0,10939845.095112983
2020-05-22,10940541.969230296,0,0.0,0,0,0,0,10940541.969230296
2020-05-23,10941238.887738872,0,0.0,0,0,0,0,10941238.887738872
2020-05-24,10941935.85064154,0,0.0,0,0,0,0,10941935.85064154
2020-05-25,10942632.857941125,0,0.0,0,0,0,0,10942632.857941125
2020-05-26,10943329.909640456,0,0.0,0,0,0,0,10943329.909640456
2020-05-27,10944027.005742362,0,0.0,0,0,0,0,10944027.005742362
2020-05-28,10944724.14624967,0,0.0,0,0,0,0,10944724.14624967
2020-05-29,10945421.331165211,0,0.0,0,0,0,0,10945421.331165211
2020-05-30,10946118.560491811,0,0.0,0,0,0,0,10946118.560491811
2020-05-31,10946815.834232302,0,0.0,0,0,0,0,10946815.834232302
2020-06-01,10947513.152389511,0,0.0,0,0,0,0,10947513.152389511
2020-06-02,10941930.276314054,0.0,5582.876075458476,-0.0,-0.0,5473407.917116152,-5473407.917116152,10941930.276314054
2020-06-03,10940267.696324399,-50954.67904697778,1662.579989655361,-0.0,-0.0,5490978.619804226,-5541933.298851204,10889313.017277421
2020-06-04,10938610.602090506,9859.15019429312,1657.0942338935915,-0.0,-0.0,5533506.596506266,-5523647.446311972,10948469.752284799
2020-06-05,10936952.530089825,-16637.86772067868,1658.0720006813835,-0.0,-0.0,5510268.801217266,-5526906.668937946,10920314.662369147
2020-06-06,10935294.458089145,-16637.86772067868,1658.0720006813835,-0.0,-0.0,5510268.801217266,-5526906.668937946,10918656.590368466
2020-06-07,10933636.386088464,-16637.86772067868,1658.0720006813835,-0.0,-0.0,5510268.801217266,-5526906.668937946,10916998.518367786
2020-06-08,10931964.02480278,33376.86920691817,1672.3612856840264,-0.0,-0.0,5607914.488153672,-5574537.618946755,10965340.894009698
2020-06-09,10930287.9105616,-5574.8231000313535,1676.1142411784522,-0.0,-0.0,5581472.647494809,-5587047.470594841,10924713.087461568
2020-06-10,10928607.777994677,-100336.09529701993,1680.1325669224882,-0.0,-0.0,5500105.794444608,-5600441.8897416275,10828271.682697657
2020-06-11,10926959.6766115,9418.308200387517,1648.1013831766952,-0.0,-0.0,5503089.585456039,-5493671.277255652,10936377.984811887
2020-06-12,10925356.75517091,-56337.16481322283,1602.9214405902921,-0.0,-0.0,5286734.303821084,-5343071.468634307,10869019.590357687
2020-06-13,10923753.83373032,-56337.16481322283,1602.9214405902921,-0.0,-0.0,5286734.303821084,-5343071.468634307,10867416.668917097
2020-06-14,10922150.91228973,-56337.16481322283,1602.9214405902921,-0.0,-0.0,5286734.303821084,-5343071.468634307,10865813.747476507
2020-06-15,10870671.6228658,-1.3969838619232178e-09,7028.717869405302,0,0,0.0,-1.3969838619232178e-09,10870671.622865798
2020-06-16,10871364.090595089,0,0.0,0,0,0,0,10871364.090595089
2020-06-17,10872056.602434952,0,0.0,0,0,0,0,10872056.602434952
2020-06-18,10872749.158388197,0,0.0,0,0,0,0,10872749.158388197
2020-06-19,10873441.758457636,0,0.0,0,0,0,0,10873441.758457636
2020-06-20,10874134.402646078,0,0.0,0,0,0,0,10874134.402646078
2020-06-21,10874827.090956334,0,0.0,0,0,0,0,10874827.090956334
2020-06-22,10875519.823391214,0,0.0,0,0,0,0,10875519.823391214
2020-06-23,10876212.599953528,0,0.0,0,0,0,0,10876212.599953528
2020-06-24,10876905.42064609,0,0.0,0,0,0,0,10876905.42064609
2020-06-25,10877598.285471708,0,0.0,0,0,0,0,10877598.285471708
2020-06-26,10878291.194433194,0,0.0,0,0,0,0,10878291.194433194
2020-06-27,10878984.14753336,0,0.0,0,0,0,0,10878984.14753336
2020-06-28,10879677.144775018,0,0.0,0,0,0,0,10879677.144775018
2020-06-29,10880370.18616098,0,0.0,0,0,0,0,10880370.18616098
2020-06-30,10881063.271694057,0,0.0,0,0,0,0,10881063.271694057
2020-07-01,10881756.401377061,0,0.0,0,0,0,0,10881756.401377061
2020-07-02,10882449.575212806,0,0.0,0,0,0,0,10882449.575212806
2020-07-03,10883142.793204103,0,0.0,0,0,0,0,10883142.793204103
2020-07-04,10883836.055353764,0,0.0,0,0,0,0,10883836.055353764
2020-07-05,10884529.361664604,0,0.0,0,0,0,0,10884529.361664604
2020-07-06,10885222.712139437,0,0.0,0,0,0,0,10885222.712139437
2020-07-07,10885916.106781073,0,0.0,0,0,0,0,10885916.106781073
2020-07-08,10886609.545592327,0,0.0,0,0,0,0,10886609.545592327
2020-07-09,10887303.028576013,0,0.0,0,0,0,0,10887303.028576013
2020-07-10,10887996.555734944,0,0.0,0,0,0,0,10887996.555734944
2020-07-11,10888690.127071934,0,0.0,0,0,0,0,10888690.127071934
2020-07-12,10889383.742589798,0,0.0,0,0,0,0,10889383.742589798
2020-07-13,10890077.40229135,0,0.0,0,0,0,0,10890077.40229135
2020-07-14,10890771.106179405,0,0.0,0,0,0,0,10890771.106179405
2020-07-15,10891464.854256777,0,0.0,0,0,0,0,10891464.854256777
2020-07-16,10892158.64652628,0,0.0,0,0,0,0,10892158.64652628
2020-07-17,10892852.482990732,0,0.0,0,0,0,0,10892852.482990732
2020-07-18,10893546.363652946,0,0.0,0,0,0,0,10893546.363652946
2020-07-19,10894240.288515737,0,0.0,0,0,0,0,10894240.288515737
2020-07-20,10894934.257581921,0,0.0,0,0,0,0,10894934.257581921
2020-07-21,10895628.270854315,0,0.0,0,0,0,0,10895628.270854315
2020-07-22,10896322.328335734,0,0.0,0,0,0,0,10896322.328335734
2020-07-23,10897016.430028994,0,0.0,0,0,0,0,10897016.430028994
2020-07-24,10897710.575936912,0,0.0,0,0,0,0,10897710.575936912
2020-07-25,10898404.766062304,0,0.0,0,0,0,0,10898404.766062304
2020-07-26,10899099.000407986,0,0.0,0,0,0,0,10899099.000407986
2020-07-27,10899793.278976776,0,0.0,0,0,0,0,10899793.278976776
2020-07-28,10900487.60177149,0,0.0,0,0,0,0,10900487.60177149
2020-07-29,10901181.968794947,0,0.0,0,0,0,0,10901181.968794947
2020-07-30,10901876.380049963,0,0.0,0,0,0,0,10901876.380049963
2020-07-31,10902570.835539356,0,0.0,0,0,0,0,10902570.835539356
2020-08-01,10903265.335265944,0,0.0,0,0,0,0,10903265.335265944
2020-08-02,10903959.879232544,0,0.0,0,0,0,0,10903959.879232544
2020-08-03,10904654.467441974,0,0.0,0,0,0,0,10904654.467441974
2020-08-04,10905349.099897053,0,0.0,0,0,0,0,10905349.099897053
2020-08-05,10906043.7766006,0,0.0,0,0,0,0,10906043.7766006
2020-08-06,10906738.497555433,0,0.0,0,0,0,0,10906738.497555433
2020-08-07,10907433.26276437,0,0.0,0,0,0,0,10907433.26276437
2020-08-08,10908128.072230231,0,0.0,0,0,0,0,10908128.072230231
2020-08-09,10908822.925955836,0,0.0,0,0,0,0,10908822.925955836
2020-08-10,10909517.823944002,0,0.0,0,0,0,0,10909517.823944002
2020-08-11,10910212.766197551,0,0.0,0,0,0,0,10910212.766197551
2020-08-12,10910907.752719302,0,0.0,0,0,0,0,10910907.752719302
2020-08-13,10911602.783512075,0,0.0,0,0,0,0,10911602.783512075
2020-08-14,10912297.85857869,0,0.0,0,0,0,0,10912297.85857869
2020-08-15,10912992.977921966,0,0.0,0,0,0,0,10912992.977921966
2020-08-16,10913688.141544726,0,0.0,0,0,0,0,10913688.141544726
2020-08-17,10914383.349449787,0,0.0,0,0,0,0,10914383.349449787
2020-08-18,10915078.601639973,0,0.0,0,0,0,0,10915078.601639973
2020-08-19,10915773.898118103,0,0.0,0,0,0,0,10915773.898118103
2020-08-20,10916469.238886999,0,0.0,0,0,0,0,10916469.238886999
2020-08-21,10917164.623949483,0,0.0,0,0,0,0,10917164.623949483
2020-08-22,10917860.053308375,0,0.0,0,0,0,0,10917860.053308375
2020-08-23,10918555.5269665,0,0.0,0,0,0,0,10918555.5269665
2020-08-24,10919251.044926675,0,0.0,0,0,0,0,10919251.044926675
2020-08-25,10919946.607191725,0,0.0,0,0,0,0,10919946.607191725
2020-08-26,10920642.213764472,0,0.0,0,0,0,0,10920642.213764472
2020-08-27,10921337.864647739,0,0.0,0,0,0,0,10921337.864647739
2020-08-28,10922033.559844347,0,0.0,0,0,0,0,10922033.559844347
2020-08-29,10922729.29935712,0,0.0,0,0,0,0,10922729.29935712
2020-08-30,10923425.08318888,0,0.0,0,0,0,0,10923425.08318888
2020-08-31,10924120.911342451,0,0.0,0,0,0,0,10924120.911342451
2020-09-01,10924816.783820657,0,0.0,0,0,0,0,10924816.783820657
2020-09-02,10925512.70062632,0,0.0,0,0,0,0,10925512.70062632
2020-09-03,10926208.661762264,0,0.0,0,0,0,0,10926208.661762264
2020-09-04,10926904.667231312,0,0.0,0,0,0,0,10926904.667231312
2020-09-05,10927600.71703629,0,0.0,0,0,0,0,10927600.71703629
2020-09-06,10928296.811180022,0,0.0,0,0,0,0,10928296.811180022
2020-09-07,10928992.94966533,0,0.0,0,0,0,0,10928992.94966533
2020-09-08,10929689.132495042,0,0.0,0,0,0,0,10929689.132495042
2020-09-09,10930385.35967198,0,0.0,0,0,0,0,10930385.35967198
2020-09-10,10931081.63119897,0,0.0,0,0,0,0,10931081.63119897
2020-09-11,10931777.947078839,0,0.0,0,0,0,0,10931777.947078839
2020-09-12,10932474.307314409,0,0.0,0,0,0,0,10932474.307314409
2020-09-13,10933170.711908508,0,0.0,0,0,0,0,10933170.711908508
2020-09-14,10933867.16086396,0,0.0,0,0,0,0,10933867.16086396
2020-09-15,10934563.65418359,0,0.0,0,0,0,0,10934563.65418359
2020-09-16,10935260.191870227,0,0.0,0,0,0,0,10935260.191870227
2020-09-17,10935956.773926696,0,0.0,0,0,0,0,10935956.773926696
2020-09-18,10936653.400355823,0,0.0,0,0,0,0,10936653.400355823
2020-09-19,10937350.071160434,0,0.0,0,0,0,0,10937350.071160434
2020-09-20,10938046.786343357,0,0.0,0,0,0,0,10938046.786343357
2020-09-21,10938743.545907417,0,0.0,0,0,0,0,10938743.545907417
2020-09-22,10939440.349855443,0,0.0,0,0,0,0,10939440.349855443
2020-09-23,10940137.198190263,0,0.0,0,0,0,0,10940137.198190263
2020-09-24,10940834.090914702,0,0.0,0,0,0,0,10940834.090914702
2020-09-25,10941531.02803159,0,0.0,0,0,0,0,10941531.02803159
2020-09-26,10942228.009543752,0,0.0,0,0,0,0,10942228.009543752
2020-09-27,10942925.035454018,0,0.0,0,0,0,0,10942925.035454018
2020-09-28,10943622.105765216,0,0.0,0,0,0,0,10943622.105765216
2020-09-29,10944319.220480174,0,0.0,0,0,0,0,10944319.220480174
2020-09-30,10945016.37960172,0,0.0,0,0,0,0,10945016.37960172
2020-10-01,10945713.583132684,0,0.0,0,0,0,0,10945713.583132684
2020-10-02,10946410.831075896,0,0.0,0,0,0,0,10946410.831075896
2020-10-03,10947108.123434182,0,0.0,0,0,0,0,10947108.123434182
2020-10-04,10947805.460210374,0,0.0,0,0,0,0,10947805.460210374
2020-10-05,10948502.841407299,0,0.0,0,0,0,0,10948502.841407299
2020-10-06,10949200.267027788,0,0.0,0,0,0,0,10949200.267027788
2020-10-07,10949897.73707467,0,0.0,0,0,0,0,10949897.73707467
2020-10-08,10950595.251550775,0,0.0,0,0,0,0,10950595.251550775
2020-10-09,10951292.810458934,0,0.0,0,0,0,0,10951292.810458934
2020-10-10,10951990.413801977,0,0.0,0,0,0,0,10951990.413801977
2020-10-11,10952688.061582735,0,0.0,0,0,0,0,10952688.061582735
2020-10-12,10953385.75380404,0,0.0,0,0,0,0,10953385.75380404
2020-10-13,10954083.490468718,0,0.0,0,0,0,0,10954083.490468718
2020-10-14,10954781.271579605,0,0.0,0,0,0,0,10954781.271579605
2020-10-15,10955479.09713953,0,0.0,0,0,0,0,10955479.09713953
2020-10-16,10956176.967151325,0,0.0,0,0,0,0,10956176.967151325
2020-10-17,10956874.881617822,0,0.0,0,0,0,0,10956874.881617822
2020-10-18,10957572.840541853,0,0.0,0,0,0,0,10957572.840541853
2020-10-19,10958270.843926247,0,0.0,0,0,0,0,10958270.843926247
2020-10-20,10958968.89177384,0,0.0,0,0,0,0,10958968.89177384
2020-10-21,10959666.984087463,0,0.0,0,0,0,0,10959666.984087463
2020-10-22,10960365.120869948,0,0.0,0,0,0,0,10960365.120869948
2020-10-23,10961063.302124128,0,0.0,0,0,0,0,10961063.302124128
2020-10-24,10961761.527852835,0,0.0,0,0,0,0,10961761.527852835
2020-10-25,10962459.798058903,0,0.0,0,0,0,0,10962459.798058903
2020-10-26,10963158.112745166,0,0.0,0,0,0,0,10963158.112745166
2020-10-27,10963856.471914455,0,0.0,0,0,0,0,10963856.471914455
2020-10-28,10964554.875569606,0,0.0,0,0,0,0,10964554.875569606
2020-10-29,10965253.323713452,0,0.0,0,0,0,0,10965253.323713452
2020-10-30,10965951.816348827,0,0.0,0,0,0,0,10965951.816348827
2020-10-31,10966650.353478564,0,0.0,0,0,0,0,10966650.353478564
2020-11-01,10967348.935105499,0,0.0,0,0,0,0,10967348.935105499
2020-11-02,10968047.561232466,0,0.0,0,0,0,0,10968047.561232466
2020-11-03,10968746.2318623,0,0.0,0,0,0,0,10968746.2318623
2020-11-04,10969444.946997834,0,0.0,0,0,0,0,10969444.946997834
2020-11-05,10970143.706641905,0,0.0,0,0,0,0,10970143.706641905
2020-11-06,10970842.510797348,0,0.0,0,0,0,0,10970842.510797348
2020-11-07,10971541.359466998,0,0.0,0,0,0,0,10971541.359466998
2020-11-08,10972240.25265369,0,0.0,0,0,0,0,10972240.25265369
2020-11-09,10972939.190360261,0,0.0,0,0,0,0,10972939.190360261
2020-11-10,10973638.172589546,0,0.0,0,0,0,0,10973638.172589546
2020-11-11,10974337.199344382,0,0.0,0,0,0,0,10974337.199344382
2020-11-12,10975036.270627605,0,0.0,0,0,0,0,10975036.270627605
2020-11-13,10975735.38644205,0,0.0,0,0,0,0,10975735.38644205
2020-11-14,10976434.546790555,0,0.0,0,0,0,0,10976434.546790555
2020-11-15,10977133.751675958,0,0.0,0,0,0,0,10977133.751675958
2020-11-16,10977833.001101093,0,0.0,0,0,0,0,10977833.001101093
2020-11-17,10978532.2950688,0,0.0,0,0,0,0,10978532.2950688
2020-11-18,10979231.633581916,0,0.0,0,0,0,0,10979231.633581916
2020-11-19,10979931.016643276,0,0.0,0,0,0,0,10979931.016643276
2020-11-20,10980630.44425572,0,0.0,0,0,0,0,10980630.44425572
2020-11-21,10981329.916422086,0,0.0,0,0,0,0,10981329.916422086
2020-11-22,10982029.433145212,0,0.0,0,0,0,0,10982029.433145212
2020-11-23,10982728.994427936,0,0.0,0,0,0,0,10982728.994427936
2020-11-24,10983428.600273097,0,0.0,0,0,0,0,10983428.600273097
2020-11-25,10984128.250683531,0,0.0,0,0,0,0,10984128.250683531
2020-11-26,10984827.94566208,0,0.0,0,0,0,0,10984827.94566208
2020-11-27,10985527.68521158,0,0.0,0,0,0,0,10985527.68521158
2020-11-28,10986227.469334874,0,0.0,0,0,0,0,10986227.469334874
2020-11-29,10986927.2980348,0,0.0,0,0,0,0,10986927.2980348
2020-11-30,10981325.035782512,0.0,5602.262252287662,-0.0,-0.0,5492413.972831041,-5492413.972831041,10981325.035782512
2020-12-01,10979697.09690757,91479.36615245463,1627.938874943652,-0.0,-0.0,5517942.282631297,-5426462.916478841,11071176.463060023
2020-12-02,10978044.750901656,193072.70766199334,1652.34600591257,-0.0,-0.0,5700892.72737056,-5507820.019708567,11171117.45856365
2020-12-03,10976404.165574448,313199.3348109203,1640.58532720884,-0.0,-0.0,5781817.092173722,-5468617.757362801,11289603.500385368
2020-12-04,10974782.694414672,366649.2195338749,1621.4711597768598,-0.0,-0.0,5771553.085456741,-5404903.865922866,11341431.913948547
2020-12-05,10973161.223254895,366649.2195338749,1621.4711597768598,-0.0,-0.0,5771553.085456741,-5404903.865922866,11339810.44278877
2020-12-06,10971539.752095118,366649.2195338749,1621.4711597768598,-0.0,-0.0,5771553.085456741,-5404903.865922866,11338188.971628994
2020-12-07,10969917.529676184,512956.1584532927,1622.2224189347598,-0.0,-0.0,5920364.22156916,-5407408.063115867,11482873.688129477
2020-12-08,10968316.677853445,531521.1888050353,1600.8518227396253,-0.0,-0.0,5867693.931270454,-5336172.742465418,11499837.866658479
2020-12-09,10966728.727256464,605926.0847379307,1587.950596980186,-0.0,-0.0,5899094.741338551,-5293168.656600621,11572654.811994394
2020-12-10,10965145.028364247,538648.0605952479,1583.6988922166636,-0.0,-0.0,5817644.367984128,-5278996.307388879,11503793.088959495
2020-12-11,10963570.63476213,769160.4576154465,1574.393602116354,-0.0,-0.0,6017139.131336627,-5247978.67372118,11732731.092377577
2020-12-12,10961996.241160015,769160.4576154465,1574.393602116354,-0.0,-0.0,6017139.131336627,-5247978.67372118,11731156.698775461
2020-12-13,10960421.847557899,769160.4576154465,1574.393602116354,-0.0,-0.0,6017139.131336627,-5247978.67372118,11729582.305173345
2020-12-14,11693561.850891408,1.1641532182693481e-09,7266.441535400456,0,0,4.656612873077393e-10,2.3283064365386963e-10,11693561.85089141
2020-12-15,11694306.737178393,0,0.0,0,0,0,0,11694306.737178393
2020-12-16,11695051.670915041,0,0.0,0,0,0,0,11695051.670915041
2020-12-17,11695796.652104376,0,0.0,0,0,0,0,11695796.652104376
2020-12-18,11696541.68074942,0,0.0,0,0,0,0,11696541.68074942
2020-12-19,11697286.756853197,0,0.0,0,0,0,0,11697286.756853197
2020-12-20,11698031.880418729,0,0.0,0,0,0,0,11698031.880418729
2020-12-21,11698777.05144904,0,0.0,0,0,0,0,11698777.05144904
2020-12-22,11699522.269947154,0,0.0,0,0,0,0,11699522.269947154
2020-12-23,11700267.535916094,0,0.0,0,0,0,0,11700267.535916094
2020-12-24,11701012.849358883,0,0.0,0,0,0,0,11701012.849358883
2020-12-25,11701758.210278546,0,0.0,0,0,0,0,11701758.210278546
2020-12-26,11702503.618678108,0,0.0,0,0,0,0,11702503.618678108
2020-12-27,11703249.074560592,0,0.0,0,0,0,0,11703249.074560592
2020-12-28,11703994.577929024,0,0.0,0,0,0,0,11703994.577929024
2020-12-29,11704740.128786428,0,0.0,0,0,0,0,11704740.128786428
2020-12-30,11705485.72713583,0,0.0,0,0,0,0,11705485.72713583
2020-12-31,11706231.372980254,0,0.0,0,0,0,0,11706231.372980254
2021-01-01,11706977.066322727,0,0.0,0,0,0,0,11706977.066322727
2021-01-02,11707722.807166275,0,0.0,0,0,0,0,11707722.807166275
2021-01-03,11708468.595513921,0,0.0,0,0,0,0,11708468.595513921
2021-01-04,11709214.431368694,0,0.0,0,0,0,0,11709214.431368694
2021-01-05,11709960.314733619,0,0.0,0,0,0,0,11709960.314733619
2021-01-06,11710706.245611722,0,0.0,0,0,0,0,11710706.245611722
2021-01-07,11711452.224006029,0,0.0,0,0,0,0,11711452.224006029
2021-01-08,11712198.24991957,0,0.0,0,0,0,0,11712198.24991957
2021-01-09,11712944.323355367,0,0.0,0,0,0,0,11712944.323355367
2021-01-10,11713690.444316452,0,0.0,0,0,0,0,11713690.444316452
2021-01-11,11714436.61280585,0,0.0,0,0,0,0,11714436.61280585
2021-01-12,11715182.82882659,0,0.0,0,0,0,0,11715182.82882659
2021-01-13,11715929.092381697,0,0.0,0,0,0,0,11715929.092381697
2021-01-14,11716675.4034742,0,0.0,0,0,0,0,11716675.4034742
2021-01-15,11717421.76210713,0,0.0,0,0,0,0,11717421.76210713
2021-01-16,11718168.168283513,0,0.0,0,0,0,0,11718168.168283513
2021-01-17,11718914.622006377,0,0.0,0,0,0,0,11718914.622006377
2021-01-18,11719661.123278752,0,0.0,0,0,0,0,11719661.123278752
2021-01-19,11720407.672103666,0,0.0,0,0,0,0,11720407.672103666
2021-01-20,11721154.26848415,0,0.0,0,0,0,0,11721154.26848415
2021-01-21,11721900.912423229,0,0.0,0,0,0,0,11721900.912423229
2021-01-22,11722647.603923937,0,0.0,0,0,0,0,11722647.603923937
2021-01-23,11723394.342989301,0,0.0,0,0,0,0,11723394.342989301
2021-01-24,11724141.129622353,0,0.0,0,0,0,0,11724141.129622353
2021-01-25,11724887.963826122,0,0.0,0,0,0,0,11724887.963826122
2021-01-26,11725634.845603637,0,0.0,0,0,0,0,11725634.845603637
2021-01-27,11726381.77495793,0,0.0,0,0,0,0,11726381.77495793
2021-01-28,11727128.751892034,0,0.0,0,0,0,0,11727128.751892034
2021-01-29,11727875.776408976,0,0.0,0,0,0,0,11727875.776408976
2021-01-30,11728622.848511789,0,0.0,0,0,0,0,11728622.848511789
2021-01-31,11729369.968203504,0,0.0,0,0,0,0,11729369.968203504
2021-02-01,11730117.13548715,0,0.0,0,0,0,0,11730117.13548715
2021-02-02,11730864.350365762,0,0.0,0,0,0,0,11730864.350365762
2021-02-03,11731611.61284237,0,0.0,0,0,0,0,11731611.61284237
2021-02-04,11732358.922920007,0,0.0,0,0,0,0,11732358.922920007
2021-02-05,11733106.280601704,0,0.0,0,0,0,0,11733106.280601704
2021-02-06,11733853.685890496,0,0.0,0,0,0,0,11733853.685890496
2021-02-07,11734601.138789412,0,0.0,0,0,0,0,11734601.138789412
2021-02-08,11735348.639301486,0,0.0,0,0,0,0,11735348.639301486
2021-02-09,11736096.187429752,0,0.0,0,0,0,0,11736096.187429752
2021-02-10,11736843.783177244,0,0.0,0,0,0,0,11736843.783177244
2021-02-11,11737591.426546993,0,0.0,0,0,0,0,11737591.426546993
2021-02-12,11738339.117542034,0,0.0,0,0,0,0,11738339.117542034
2021-02-13,11739086.8561654,0,0.0,0,0,0,0,11739086.8561654
2021-02-14,11739834.642420126,0,0.0,0,0,0,0,11739834.642420126
2021-02-15,11740582.476309245,0,0.0,0,0,0,0,11740582.476309245
2021-02-16,11741330.357835792,0,0.0,0,0,0,0,11741330.357835792
2021-02-17,11742078.287002802,0,0.0,0,0,0,0,11742078.287002802
2021-02-18,11742826.26381331,0,0.0,0,0,0,0,11742826.26381331
2021-02-19,11743574.288270349,0,0.0,0,0,0,0,11743574.288270349
2021-02-20,11744322.360376954,0,0.0,0,0,0,0,11744322.360376954
2021-02-21,11745070.480136162,0,0.0,0,0,0,0,11745070.480136162
2021-02-22,11745818.647551008,0,0.0,0,0,0,0,11745818.647551008
2021-02-23,11746566.862624528,0,0.0,0,0,0,0,11746566.862624528
2021-02-24,11747315.125359757,0,0.0,0,0,0,0,11747315.125359757
2021-02-25,11748063.435759732,0,0.0,0,0,0,0,11748063.435759732
2021-02-26,11748811.793827489,0,0.0,0,0,0,0,11748811.793827489
2021-02-27,11749560.199566064,0,0.0,0,0,0,0,11749560.199566064
2021-02-28,11750308.652978495,0,0.0,0,0,0,0,11750308.652978495
2021-03-01,11751057.154067816,0,0.0,0,0,0,0,11751057.154067816
2021-03-02,11751805.702837067,0,0.0,0,0,0,0,11751805.702837067
2021-03-03,11752554.299289284,0,0.0,0,0,0,0,11752554.299289284
2021-03-04,11753302.943427505,0,0.0,0,0,0,0,11753302.943427505
2021-03-05,11754051.635254767,0,0.0,0,0,0,0,11754051.635254767
2021-03-06,11754800.374774108,0,0.0,0,0,0,0,11754800.374774108
2021-03-07,11755549.161988566,0,0.0,0,0,0,0,11755549.161988566
2021-03-08,11756297.996901179,0,0.0,0,0,0,0,11756297.996901179
2021-03-09,11757046.879514985,0,0.0,0,0,0,0,11757046.879514985
2021-03-10,11757795.809833024,0,0.0,0,0,0,0,11757795.809833024
2021-03-11,11758544.787858333,0,0.0,0,0,0,0,11758544.787858333
2021-03-12,11759293.813593952,0,0.0,0,0,0,0,11759293.813593952
2021-03-13,11760042.887042921,0,0.0,0,0,0,0,11760042.887042921
2021-03-14,11760792.008208279,0,0.0,0,0,0,0,11760792.008208279
2021-03-15,11761541.177093064,0,0.0,0,0,0,0,11761541.177093064
2021-03-16,11762290.393700317,0,0.0,0,0,0,0,11762290.393700317
2021-03-17,11763039.658033077,0,0.0,0,0,0,0,11763039.658033077
2021-03-18,11763788.970094385,0,0.0,0,0,0,0,11763788.970094385
2021-03-19,11764538.329887282,0,0.0,0,0,0,0,11764538.329887282
2021-03-20,11765287.737414807,0,0.0,0,0,0,0,11765287.737414807
2021-03-21,11766037.192680001,0,0.0,0,0,0,0,11766037.192680001
2021-03-22,11766786.695685906,0,0.0,0,0,0,0,11766786.695685906
2021-03-23,11767536.246435564,0,0.0,0,0,0,0,11767536.246435564
2021-03-24,11768285.844932014,0,0.0,0,0,0,0,11768285.844932014
2021-03-25,11769035.491178298,0,0.0,0,0,0,0,11769035.491178298
2021-03-26,11769785.185177458,0,0.0,0,0,0,0,11769785.185177458
2021-03-27,11770534.926932536,0,0.0,0,0,0,0,11770534.926932536
2021-03-28,11771284.716446575,0,0.0,0,0,0,0,11771284.716446575
2021-03-29,11772034.553722614,0,0.0,0,0,0,0,11772034.553722614
2021-03-30,11772784.438763699,0,0.0,0,0,0,0,11772784.438763699
2021-03-31,11773534.37157287,0,0.0,0,0,0,0,11773534.37157287
2021-04-01,11774284.352153173,0,0.0,0,0,0,0,11774284.352153173
2021-04-02,11775034.380507648,0,0.0,0,0,0,0,11775034.380507648
2021-04-03,11775784.45663934,0,0.0,0,0,0,0,11775784.45663934
2021-04-04,11776534.580551293,0,0.0,0,0,0,0,11776534.580551293
2021-04-05,11777284.752246547,0,0.0,0,0,0,0,11777284.752246547
2021-04-06,11778034.97172815,0,0.0,0,0,0,0,11778034.97172815
2021-04-07,11778785.238999143,0,0.0,0,0,0,0,11778785.238999143
2021-04-08,11779535.554062573,0,0.0,0,0,0,0,11779535.554062573
2021-04-09,11780285.916921483,0,0.0,0,0,0,0,11780285.916921483
2021-04-10,11781036.327578917,0,0.0,0,0,0,0,11781036.327578917
2021-04-11,11781786.786037922,0,0.0,0,0,0,0,11781786.786037922
2021-04-12,11782537.29230154,0,0.0,0,0,0,0,11782537.29230154
2021-04-13,11783287.846372817,0,0.0,0,0,0,0,11783287.846372817
2021-04-14,11784038.4482548,0,0.0,0,0,0,0,11784038.4482548
2021-04-15,11784789.097950533,0,0.0,0,0,0,0,11784789.097950533
2021-04-16,11785539.795463063,0,0.0,0,0,0,0,11785539.795463063
2021-04-17,11786290.540795434,0,0.0,0,0,0,0,11786290.540795434
2021-04-18,11787041.333950695,0,0.0,0,0,0,0,11787041.333950695
2021-04-19,11787792.17493189,0,0.0,0,0,0,0,11787792.17493189
2021-04-20,11788543.063742066,0,0.0,0,0,0,0,11788543.063742066
2021-04-21,11789294.00038427,0,0.0,0,0,0,0,11789294.00038427
2021-04-22,11790044.984861549,0,0.0,0,0,0,0,11790044.984861549
2021-04-23,11790796.01717695,0,0.0,0,0,0,0,11790796.01717695
2021-04-24,11791547.09733352,0,0.0,0,0,0,0,11791547.09733352
2021-04-25,11792298.225334307,0,0.0,0,0,0,0,11792298.225334307
2021-04-26,11793049.40118236,0,0.0,0,0,0,0,11793049.40118236
2021-04-27,11793800.624880724,0,0.0,0,0,0,0,11793800.624880724
2021-04-28,11794551.896432448,0,0.0,0,0,0,0,11794551.896432448
2021-04-29,11795303.215840582,0,0.0,0,0,0,0,11795303.215840582
2021-04-30,11796054.583108174,0,0.0,0,0,0,0,11796054.583108174
2021-05-01,11796805.998238271,0,0.0,0,0,0,0,11796805.998238271
2021-05-02,11797557.461233923,0,0.0,0,0,0,0,11797557.461233923
2021-05-03,11798308.97209818,0,0.0,0,0,0,0,11798308.97209818
2021-05-04,11799060.530834088,0,0.0,0,0,0,0,11799060.530834088
2021-05-05,11799812.1374447,0,0.0,0,0,0,0,11799812.1374447
2021-05-06,11800563.791933063,0,0.0,0,0,0,0,11800563.791933063
2021-05-07,11801315.49430223,0,0.0,0,0,0,0,11801315.49430223
2021-05-08,11802067.244555248,0,0.0,0,0,0,0,11802067.244555248
2021-05-09,11802819.042695168,0,0.0,0,0,0,0,11802819.042695168
2021-05-10,11803570.888725042,0,0.0,0,0,0,0,11803570.888725042
2021-05-11,11804322.782647919,0,0.0,0,0,0,0,11804322.782647919
2021-05-12,11805074.72446685,0,0.0,0,0,0,0,11805074.72446685
2021-05-13,11805826.714184886,0,0.0,0,0,0,0,11805826.714184886
2021-05-14,11806578.751805078,0,0.0,0,0,0,0,11806578.751805078
2021-05-15,11807330.83733048,0,0.0,0,0,0,0,11807330.83733048
2021-05-16,11808082.97076414,0,0.0,0,0,0,0,11808082.97076414
2021-05-17,11808835.15210911,0,0.0,0,0,0,0,11808835.15210911
2021-05-18,11809587.381368445,0,0.0,0,0,0,0,11809587.381368445
2021-05-19,11810339.658545194,0,0.0,0,0,0,0,11810339.658545194
2021-05-20,11811091.98364241,0,0.0,0,0,0,0,11811091.98364241
2021-05-21,11811844.356663147,0,0.0,0,0,0,0,11811844.356663147
2021-05-22,11812596.777610457,0,0.0,0,0,0,0,11812596.777610457
2021-05-23,11813349.246487392,0,0.0,0,0,0,0,11813349.246487392
2021-05-24,11814101.763297008,0,0.0,0,0,0,0,11814101.763297008
2021-05-25,11814854.328042356,0,0.0,0,0,0,0,11814854.328042356
2021-05-26,11815606.94072649,0,0.0,0,0,0,0,11815606.94072649
2021-05-27,11816359.601352464,0,0.0,0,0,0,0,11816359.601352464
2021-05-28,11817112.309923332,0,0.0,0,0,0,0,11817112.309923332
2021-05-29,11817865.066442147,0,0.0,0,0,0,0,11817865.066442147
2021-05-30,11818617.870911963,0,0.0,0,0,0,0,11818617.870911963
2021-05-31,11812591.527515274,-4.656612873077393e-10,6026.343396689756,3.293264061107725e-10,9.03253993721263e-11,5908179.800676232,-5908179.800676232,11812591.527515274
2021-06-01,11810824.300389348,163175.51996285282,1767.227125925285,3.2815217591893487e-10,9.03253993721263e-11,6053932.60638047,-5890757.086417617,11973999.8203522
2021-06-02,11809051.634712493,115069.85209963936,1772.6656768549456,3.294167315101446e-10,9.03253993721263e-11,6023955.441616125,-5908885.589516486,11924121.486812133
2021-06-03,11807291.82050383,-24815.87095129001,1759.8142086622504,3.258940409346317e-10,9.03253993721263e-11,5841231.491256213,-5866047.362207502,11782475.949552542
2021-06-04,11805545.362044398,-109636.94810761372,1746.4584594329706,3.22552001157863e-10,9.03253993721263e-11,5711891.250002289,-5821528.198109902,11695908.413936784
2021-06-05,11803798.903584965,-109636.94810761372,1746.4584594329706,3.22552001157863e-10,9.03253993721263e-11,5711891.250002289,-5821528.198109902,11694161.955477351
2021-06-06,11802052.445125531,-109636.94810761372,1746.4584594329706,3.22552001157863e-10,9.03253993721263e-11,5711891.250002289,-5821528.198109902,11692415.497017918
2021-06-07,11800293.682138873,-8472.622327468824,1758.7629866587413,3.255327393371432e-10,9.03253993721263e-11,5854070.666535003,-5862543.2888624715,11791821.059811404
2021-06-08,11798529.364799134,63448.842595604016,1764.3173397394878,3.243585091453056e-10,9.03253993721263e-11,5944506.6417272305,-5881057.799131626,11861978.207394738
2021-06-09,11796767.251861876,34138.59738574107,1762.1129372584578,3.2246167575849087e-10,9.03253993721263e-11,5907848.388247268,-5873709.7908615265,11830905.849247618
2021-06-10,11795024.878368255,75240.56355111068,1742.3734936219003,3.235455805509564e-10,9.03253993721263e-11,5883152.208957445,-5807911.645406335,11870265.441919366
2021-06-11,11793280.468285913,182059.05617069756,1744.4100823417984,3.2598436633400384e-10,9.03253993721263e-11,5996759.33064336,-5814700.274472662,11975339.52445661
2021-06-12,11791536.05820357,182059.05617069756,1744.4100823417984,3.2598436633400384e-10,9.03253993721263e-11,5996759.33064336,-5814700.274472662,11973595.114374269
2021-06-13,11789791.648121228,182059.05617069756,1744.4100823417984,3.2598436633400384e-10,9.03253993721263e-11,5996759.33064336,-5814700.274472662,11971850.704291927
2021-06-14,11788047.238038886,182059.05617069756,1744.4100823417984,3.2598436633400384e-10,9.03253993721263e-11,5996759.33064336,-5814700.274472662,11970106.294209585
2021-06-15,11924120.421231696,-2.3283064365386963e-10,7624.148683878343,0,0,0.0,6.984919309616089e-10,11924120.421231696
2021-06-16,11924879.994225742,0,0.0,0,0,0,0,11924879.994225742
